NM_FANTA,CNPJ,CNES,TP_UNID_ID,DS_TP_UNID,CO_SUBTIPO_UNID,DS_SUBTIPO_UNID,TELEFONE1,TELEFONE2,FAX,E_MAIL
HOSPITAL AGAMENON MAGALHAES,10572048000390,0000418,05,HOSPITAL GERAL,,,, ,,
US 217 CENTRO MEDICO SEN JOSE ERMIRIO DE MORAES,10565000000192,0000558,36,CLINICA/CENTRO DE ESPECIALIDADE,009,OUTROS,, ,,
US 106 CS PROF JOAQUIM CAVALCANTE,10565000000192,0000639,02,CENTRO DE SAUDE/UNIDADE BASICA,,,, ,,
HOSPITAL CORREIA PICANCO,09794975002238,0000981,05,HOSPITAL GERAL,,,, ,,
US 138 USF DR LUIZ WILSOM,10565000000192,0000876,02,CENTRO DE SAUDE/UNIDADE BASICA,,,, ,,
US 263 CAPS JOSE CARLOS SOUTO,10565000000192,2637294,70,CENTRO DE ATENCAO PSICOSSOCIAL,002,CAPS II,, ,,
US 320 CAPS CENTRO EULAMPIO CORDEIRO DE RECUPERACAO HUMANA,10565000000192,2711605,70,CENTRO DE ATENCAO PSICOSSOCIAL,005,CAPS ALCOOL E DROGA,, ,,
US 111 HOSPITAL EDUARDO CAMPOS DA PESSOA IDOSA DO RECIFE,10565000000192,0265500,05,HOSPITAL GERAL,,,, ,,
US 275 CEREST RECIFE,10565000000192,0028886,36,CLINICA/CENTRO DE ESPECIALIDADE,005,CENTRO DE REFERÊNCIA EM SAÚDE DO TRABALHADOR CEREST,, ,,
US 280 USF SITIO CARDOSO,10565000000192,0028975,02,CENTRO DE SAUDE/UNIDADE BASICA,,,, ,,
US 107 PNI RECIFE,10565000000192,0252050,84,CENTRAL DE ABASTECIMENTO,,,, ,,
US 272 USF SANTA TEREZA,10565000000192,0028061,02,CENTRO DE SAUDE/UNIDADE BASICA,,,, ,,
HOSPITAL GETULIO VARGAS,10572048000551,2802783,05,HOSPITAL GERAL,,,, ,,
HOSPITAL GERAL DE AREIAS,10572048001795,2711974,05,HOSPITAL GERAL,,,, ,,
US 231 USF CORREGO DA BICA,10565000000192,0022276,02,CENTRO DE SAUDE/UNIDADE BASICA,,,, ,,
US 261 USF ALTO DO EUCALIPTO,10565000000192,0026301,02,CENTRO DE SAUDE/UNIDADE BASICA,,,, ,,
US 237 USF SITIO DAS PALMEIRAS,10565000000192,0022365,02,CENTRO DE SAUDE/UNIDADE BASICA,,,, ,,
US 224 USF CARANGUEIJO,10565000000192,0022373,02,CENTRO DE SAUDE/UNIDADE BASICA,,,, ,,
US 255 USF UPINHA 24H VILA ARRAES,10565000000192,0024538,02,CENTRO DE SAUDE/UNIDADE BASICA,,,, ,,
US 184 USF VILA UNIAO,10565000000192,0001511,02,CENTRO DE SAUDE/UNIDADE BASICA,,,, ,,
US 222 USF CORREGO DO CURIO,10565000000192,0020648,02,CENTRO DE SAUDE/UNIDADE BASICA,,,, ,,
US 247 USF ROSA SELVAGEM,10565000000192,0022381,02,CENTRO DE SAUDE/UNIDADE BASICA,,,, ,,
US 259 USF SITIO SAO BRAZ,10565000000192,0026212,02,CENTRO DE SAUDE/UNIDADE BASICA,,,, ,,
US 103 CS PROF MARIO RAMOS,10565000000192,0001759,02,CENTRO DE SAUDE/UNIDADE BASICA,,,, ,,
UPA IMBIRIBEIRA,10572048000128,6481876,73,PRONTO ATENDIMENTO,003,UPA,, ,,
US 134 DISTRITO SANITARIO IV RECIFE,10565000000192,6503640,68,CENTRAL DE GESTAO EM SAUDE,004,DISTRITO SANITARIO,, ,,
UNIDADE BASICA DE SAUDE PRISIONAL CPFR,06290858000700,6646956,02,CENTRO DE SAUDE/UNIDADE BASICA,,,, ,,
US 360 ACADEMIA DA CIDADE POLO MORRO DA CONCEICAO,10565000000192,6664318,74,POLO ACADEMIA DA SAUDE,,,, ,,
US 361 ACADEMIA DA CIDADE POLO JAQUEIRA,10565000000192,6664326,74,POLO ACADEMIA DA SAUDE,,,, ,,
US 370 ACADEMIA DA CIDADE POLO IBURA,10565000000192,6665020,74,POLO ACADEMIA DA SAUDE,,,, ,,
US 371 ACADEMIA DA CIDADE POLO IPSEP,10565000000192,6665063,74,POLO ACADEMIA DA SAUDE,,,, ,,
US 375 ACADEMIA DA CIDADE POLO PRACA DO SALGUEIRO,10565000000192,6865054,74,POLO ACADEMIA DA SAUDE,,,, ,,
US 351 USF PAZ E AMOR,10565000000192,6362494,02,CENTRO DE SAUDE/UNIDADE BASICA,,,, ,,
US 352 USF UPINHA 24H DR HELIO MENDONCA COR DO JENIPAPO,10565000000192,6362508,02,CENTRO DE SAUDE/UNIDADE BASICA,,,, ,,
US 347 USF PARQUE DO MILAGRE,10565000000192,5656893,02,CENTRO DE SAUDE/UNIDADE BASICA,,,, ,,
US 342 USF DJALMA HOLANDA CAVALCANTE,10565000000192,5392136,02,CENTRO DE SAUDE/UNIDADE BASICA,,,, ,,
US 391 ACADEMIA DA CIDADE POLO CHAO DE ESTRELAS,10565000000192,7172893,74,POLO ACADEMIA DA SAUDE,,,, ,,
UNIDADE DE CUIDADOS INTEGRAIS EM SAUDE SIS,24134488000108,7193971,02,CENTRO DE SAUDE/UNIDADE BASICA,,,, ,,
US 397 USF UPINHA DIA CORREGO DO EUCLIDES,10565000000192,7563736,02,CENTRO DE SAUDE/UNIDADE BASICA,,,, ,,
US 191 AMBULANCIA 04,10565000000192,6983324,42,UNIDADE MOVEL DE NIVEL PRE-HOSPITALAR NA AREA DE URGENCIA,,,, ,,
US 387 ACADEMIA DA CIDADE POLO VILA UM POR TODOS,10565000000192,7135823,74,POLO ACADEMIA DA SAUDE,,,, ,,
US 201 AMBULANCIA 14,10565000000192,6983480,42,UNIDADE MOVEL DE NIVEL PRE-HOSPITALAR NA AREA DE URGENCIA,,,, ,,
CENTRAL ESTADUAL DE TRANSPLANTES DE PERNAMBUCO,10572048000128,7548559,82,"CENTRAL DE NOTIFICACAO,CAPTACAO E DISTRIB DE ORGAOS ESTADUAL",001,"CENTRAL DE NOTIFICACAO,CAPTACAO E DISTRIB DE ORGAOS SEDE",, ,,
US 102 VIR 01 VEICULO DE INTERVENCAO RAPIDA,10565000000192,6983685,42,UNIDADE MOVEL DE NIVEL PRE-HOSPITALAR NA AREA DE URGENCIA,,,, ,,
US 306 CAPS AD PROF LUIZ CERQUEIRA,10565000000192,3302016,70,CENTRO DE ATENCAO PSICOSSOCIAL,006,CAPS ALCOOL E DROGAS III - MUNICIPAL,, ,,
US 323 USF MUSTARDINHA,10565000000192,3371328,02,CENTRO DE SAUDE/UNIDADE BASICA,,,, ,,
US 330 CAPS ESPACO LIVREMENTE,10565000000192,3505812,70,CENTRO DE ATENCAO PSICOSSOCIAL,002,CAPS II,, ,,
FARMACIA ESCOLA CARLOS DRUMMOND DE ANDRADE UFPE,24134488000108,2955598,43,FARMACIA,,,, ,,
US 296 USF COQUEIRAL IMBIRIBEIRA,10565000000192,3153584,02,CENTRO DE SAUDE/UNIDADE BASICA,,,, ,,
US 144 POLICLINICA CLEMENTINO FRAGA,10565000000192,0000647,04,POLICLINICA,,,, ,,
US 174 USF SITIO GRANDE,10565000000192,0000957,02,CENTRO DE SAUDE/UNIDADE BASICA,,,, ,,
US 126 CS VER ROMILDO GOMES,10565000000192,0001090,02,CENTRO DE SAUDE/UNIDADE BASICA,,,, ,,
CENTRO MEDICO HOSPITALAR,11339827000140,0113964,05,HOSPITAL GERAL,,,, ,,
US 253 CAPS ESPACO VIDA,10565000000192,0028363,70,CENTRO DE ATENCAO PSICOSSOCIAL,002,CAPS II,, ,,
NUCLEO DE PESQUISA EM INOVACAO TERAPEUTICA NUPIT,24134488000108,0154040,39,UNIDADE DE APOIO DIAGNOSE E TERAPIA (SADT ISOLADO),,,, ,,
US 118 AMBULANCIA 20,10565000000192,0797294,42,UNIDADE MOVEL DE NIVEL PRE-HOSPITALAR NA AREA DE URGENCIA,,,, ,,
US 258 USF SITIO DOS PINTOS,10565000000192,0028053,02,CENTRO DE SAUDE/UNIDADE BASICA,,,, ,,
US 108 CS BOA VISTA,10565000000192,0266493,02,CENTRO DE SAUDE/UNIDADE BASICA,,,, ,,
US 250 USF UR12 UR5 3 ETAPA,10565000000192,0022489,02,CENTRO DE SAUDE/UNIDADE BASICA,,,, ,,
US 252 USF ENGENHO DO MEIO,10565000000192,0024503,02,CENTRO DE SAUDE/UNIDADE BASICA,,,, ,,
US 260 USF CORREGO DA FORTUNA,10565000000192,0026220,02,CENTRO DE SAUDE/UNIDADE BASICA,,,, ,,
US 170 CAPS DR GALDINO LORETO,10565000000192,0001996,70,CENTRO DE ATENCAO PSICOSSOCIAL,002,CAPS II,, ,,
US 265 USF MANGUEIRA I,10565000000192,0026336,02,CENTRO DE SAUDE/UNIDADE BASICA,,,, ,,
US 182 UPINHA USF PADRE JOSE EDWALDO GOMES,10565000000192,0020567,02,CENTRO DE SAUDE/UNIDADE BASICA,,,, ,,
US 168 CTA CENTRO DE TESTAGEM E ACONSELHAMENTO,10565000000192,0002046,02,CENTRO DE SAUDE/UNIDADE BASICA,,,, ,,
US 318 CAPS CPTRA CENTRO DE PREV TRAT E REAB DE ALCOOLISMO,10565000000192,0001953,70,CENTRO DE ATENCAO PSICOSSOCIAL,006,CAPS ALCOOL E DROGAS III - MUNICIPAL,, ,,
US 319 CAPS ESPACO AZUL,10565000000192,0002054,70,CENTRO DE ATENCAO PSICOSSOCIAL,002,CAPS II,, ,,
US 244 USF PROF ANTONIO FRANCISCO AREIAS,10565000000192,0022268,02,CENTRO DE SAUDE/UNIDADE BASICA,,,, ,,
UPA NOVA DESCOBERTA,10572048000128,6703437,73,PRONTO ATENDIMENTO,003,UPA,, ,,
UPA IBURA,10572048000128,6726852,73,PRONTO ATENDIMENTO,003,UPA,, ,,
SECRETARIA DE SAUDE DO ESTADO DE PERNAMBUCO,10572048000128,6471188,68,CENTRAL DE GESTAO EM SAUDE,001,SECRETARIA DE ESTADO DA SAUDE (SES),, ,,
UPA TORROES,10572048000128,6530389,73,PRONTO ATENDIMENTO,003,UPA,, ,,
US 141 SECRETARIA MUNICIPAL DE SAUDE DO RECIFE,10565000000192,6468918,68,CENTRAL DE GESTAO EM SAUDE,003,SECRETARIA MUNICIPAL DE SAUDE (SMS),, ,,
US 346 USF ALTO DA JAQUEIRA,10565000000192,5653304,02,CENTRO DE SAUDE/UNIDADE BASICA,,,, ,,
US 348 CAPS BOA VISTA,10565000000192,5692202,70,CENTRO DE ATENCAO PSICOSSOCIAL,002,CAPS II,, ,,
US 340 CAPS CLEA LACET,10565000000192,5369169,70,CENTRO DE ATENCAO PSICOSSOCIAL,004,CAPS INFANTO/JUVENIL,, ,,
CIATOX CENTRO DE INFORMACAO E ASSISTENCIA TOXICOLOGICA,10572048000128,6916279,21,PRONTO SOCORRO ESPECIALIZADO,,,, ,,
US 189 AMBULANCIA 02,10565000000192,6983278,42,UNIDADE MOVEL DE NIVEL PRE-HOSPITALAR NA AREA DE URGENCIA,,,, ,,
US 199 AMBULANCIA 12,10565000000192,6983464,42,UNIDADE MOVEL DE NIVEL PRE-HOSPITALAR NA AREA DE URGENCIA,,,, ,,
US 215 MOTOLANCIA 04,10565000000192,7547676,42,UNIDADE MOVEL DE NIVEL PRE-HOSPITALAR NA AREA DE URGENCIA,,,, ,,
US 202 AMBULANCIA 15,10565000000192,6983499,42,UNIDADE MOVEL DE NIVEL PRE-HOSPITALAR NA AREA DE URGENCIA,,,, ,,
US 203 AMBULANCIA 16,10565000000192,6983502,42,UNIDADE MOVEL DE NIVEL PRE-HOSPITALAR NA AREA DE URGENCIA,,,, ,,
CASE SANTA LUZIA,11722741000100,7884842,36,CLINICA/CENTRO DE ESPECIALIDADE,009,OUTROS,, ,,
US 214 MOTOLANCIA 03,10565000000192,6983669,42,UNIDADE MOVEL DE NIVEL PRE-HOSPITALAR NA AREA DE URGENCIA,,,, ,,
US 188 AMBULANCIA 01,10565000000192,7015399,42,UNIDADE MOVEL DE NIVEL PRE-HOSPITALAR NA AREA DE URGENCIA,,,, ,,
US 291 USF ALTO DOS COQUEIROS CORREGO DA JAQUEIRA,10565000000192,3006468,02,CENTRO DE SAUDE/UNIDADE BASICA,,,, ,,
US 313 USF TRES CARNEIROS DE BAIXO ZUMBI DO PACHECO,10565000000192,3569322,02,CENTRO DE SAUDE/UNIDADE BASICA,,,, ,,
US 442 USF UPINHA DIA SANTA LUZIA EMOCY KRAUSE,10565000000192,9069569,02,CENTRO DE SAUDE/UNIDADE BASICA,,,, ,,
US 443 UNIDADE PUBLICA DE ATEND ESPECIALIZADO UPAE ARRUDA,10565000000192,7993412,36,CLINICA/CENTRO DE ESPECIALIDADE,009,OUTROS,, ,,
HOSPITAL DAS CLINICAS,15126437001620,0000396,05,HOSPITAL GERAL,,,, ,,
HOSPITAL OTAVIO DE FREITAS,10572048000470,0000426,05,HOSPITAL GERAL,,,, ,,
US 153 POLICLINICA E MATERNIDADE ARNALDO MARQUES,10565000000192,0000671,05,HOSPITAL GERAL,,,, ,,
US 169 POLICLINICA AMAURY COUTINHO,10565000000192,0000604,04,POLICLINICA,,,, ,,
US 101 POLICLINICA PROF WALDEMAR DE OLIVEIRA,10565000000192,0000620,04,POLICLINICA,,,, ,,
US 177 USF CHICO MENDES,10565000000192,0000965,02,CENTRO DE SAUDE/UNIDADE BASICA,,,, ,,
US 119 CS PROF JOSE CARNEIRO LEAO,10565000000192,0000752,02,CENTRO DE SAUDE/UNIDADE BASICA,,,, ,,
LABORATORIO FEDERAL DE DEFESA AGROPECUARIA PE,00396895007138,0177245,39,UNIDADE DE APOIO DIAGNOSE E TERAPIA (SADT ISOLADO),,,, ,,
US 122 AMBULANCIA 21,10565000000192,0797308,42,UNIDADE MOVEL DE NIVEL PRE-HOSPITALAR NA AREA DE URGENCIA,,,, ,,
CENTRAL REGIONAL DE REDE DE FRIO I GERES,10572048000128,0250546,68,CENTRAL DE GESTAO EM SAUDE,002,REGIONAL DE SAUDE,, ,,
US 266 USF MANGUEIRA II,10565000000192,0026344,02,CENTRO DE SAUDE/UNIDADE BASICA,,,, ,,
US 273 USF BIANOR TEODOSIO,10565000000192,0028088,02,CENTRO DE SAUDE/UNIDADE BASICA,,,, ,,
US 281 USF VILA DOS MILAGRES,10565000000192,0029041,02,CENTRO DE SAUDE/UNIDADE BASICA,,,, ,,
LAB CENTRAL DE SAUDE PUB DR MILTON BEZERRA SOBRAL LACEN,10572048001361,2712075,80,LABORATORIO DE SAUDE PUBLICA,001,LABORATORIO CENTRAL DE SAUDE PUBLICA (LACEN),, ,,
LABORATORIO DA MULHER DRA MERCES PONTES CUNHA,10572048000128,2712105,39,UNIDADE DE APOIO DIAGNOSE E TERAPIA (SADT ISOLADO),,,, ,,
US 235 USF RODA DE FOGO SINOS,10565000000192,0022349,02,CENTRO DE SAUDE/UNIDADE BASICA,,,, ,,
US 218 USF COQUE,10565000000192,0001252,02,CENTRO DE SAUDE/UNIDADE BASICA,,,, ,,
US 173 USF DANCING DAYS,10565000000192,0002070,02,CENTRO DE SAUDE/UNIDADE BASICA,,,, ,,
US 228 USF UPINHA DIA DES JOSE MANOEL DE FREITAS UR 4UR 5,10565000000192,0022454,02,CENTRO DE SAUDE/UNIDADE BASICA,,,, ,,
US 183 USF SITIO DOS MACACOS,10565000000192,0002097,02,CENTRO DE SAUDE/UNIDADE BASICA,,,, ,,
US 129 AMEM AMBULATORIO ESPECIALIZADO DA MULHER,10565000000192,0001430,36,CLINICA/CENTRO DE ESPECIALIDADE,009,OUTROS,, ,,
US 187 USF ILHA DE DEUS,10565000000192,0002100,02,CENTRO DE SAUDE/UNIDADE BASICA,,,, ,,
US 262 USF JOSE SEVERIANO DA SILVA,10565000000192,0026328,02,CENTRO DE SAUDE/UNIDADE BASICA,,,, ,,
US 229 USF UR 10,10565000000192,0022462,02,CENTRO DE SAUDE/UNIDADE BASICA,,,, ,,
US 376 POLICLINICA SALOMAO KELNER,10565000000192,6897029,04,POLICLINICA,,,, ,,
US 135 DISTRITO SANITARIO V RECIFE,10565000000192,6475345,68,CENTRAL DE GESTAO EM SAUDE,004,DISTRITO SANITARIO,, ,,
US 131 DISTRITO SANITARIO I RECIFE,10565000000192,6508561,68,CENTRAL DE GESTAO EM SAUDE,004,DISTRITO SANITARIO,, ,,
US 133 DISTRITO SANITARIO III RECIFE,10565000000192,6508960,68,CENTRAL DE GESTAO EM SAUDE,004,DISTRITO SANITARIO,, ,,
US 356 ACADEMIA DA CIDADE POLO ILHA DO LEITE,10565000000192,6664253,74,POLO ACADEMIA DA SAUDE,,,, ,,
US 358 ACADEMIA DA CIDADE POLO SANTO AMARO,10565000000192,6664288,74,POLO ACADEMIA DA SAUDE,,,, ,,
US 363 ACADEMIA DA CIDADE POLO BEIRA RIO,10565000000192,6664679,74,POLO ACADEMIA DA SAUDE,,,, ,,
US 366 ACADEMIA DA CIDADE POLO JARDIM SAO PAULO,10565000000192,6664806,74,POLO ACADEMIA DA SAUDE,,,, ,,
US 367 ACADEMIA DA CIDADE POLO SAN MARTIM,10565000000192,6664814,74,POLO ACADEMIA DA SAUDE,,,, ,,
US 345 USF PLANETA DOS MACACOS I,10565000000192,5601053,02,CENTRO DE SAUDE/UNIDADE BASICA,,,, ,,
PROCAPE,11022597001597,3983730,07,HOSPITAL ESPECIALIZADO,002,CARDIOLOGIA,, ,,
NUCLEO DE HEMATOLOGIA CLINICA E LABORATORIAL,24134488000108,4462807,39,UNIDADE DE APOIO DIAGNOSE E TERAPIA (SADT ISOLADO),,,, ,,
US 336 USF UNIAO DAS VILAS,10565000000192,5139155,02,CENTRO DE SAUDE/UNIDADE BASICA,,,, ,,
US 344 USF JIQUIA,10565000000192,5601037,02,CENTRO DE SAUDE/UNIDADE BASICA,,,, ,,
US 396 ACADEMIA DA CIDADE POLO VILA DOS MILAGRES,10565000000192,7508557,74,POLO ACADEMIA DA SAUDE,,,, ,,
US 192 AMBULANCIA 05,10565000000192,6983332,42,UNIDADE MOVEL DE NIVEL PRE-HOSPITALAR NA AREA DE URGENCIA,,,, ,,
US 384 ACADEMIA DA CIDADE POLO CAFEZOPOLIS,10565000000192,7018525,74,POLO ACADEMIA DA SAUDE,,,, ,,
US 385 ACADEMIA DA CIDADE POLO JORDAO BAIXO,10565000000192,7057466,74,POLO ACADEMIA DA SAUDE,,,, ,,
INSTITUTO AGGEU MAGALHAES,33781055000720,7571283,80,LABORATORIO DE SAUDE PUBLICA,002,LABORATORIO FEDERAL,, ,,
US 401 USF UPINHA DIA GOVERNADOR EDUARDO CAMPOS,10565000000192,7946651,02,CENTRO DE SAUDE/UNIDADE BASICA,,,, ,,
US 200 AMBULANCIA 13,10565000000192,6983472,42,UNIDADE MOVEL DE NIVEL PRE-HOSPITALAR NA AREA DE URGENCIA,,,, ,,
US 207 USA 02,10565000000192,6983227,42,UNIDADE MOVEL DE NIVEL PRE-HOSPITALAR NA AREA DE URGENCIA,,,, ,,
US 178 NUCLEO DE TELESSAUDE REDES RECIFE,10565000000192,7169280,75,TELESSAUDE,001,NUCLEO TECNICO-CIENTIFICO PROG NAC TELESSAUDE BRASIL REDES,, ,,
US 294 USF VILA TAMANDARE BEIRINHA,10565000000192,3037908,02,CENTRO DE SAUDE/UNIDADE BASICA,,,, ,,
US 292 USF VILA DO IPSEP,10565000000192,3007995,02,CENTRO DE SAUDE/UNIDADE BASICA,,,, ,,
US 312 USF VILA DO SESI,10565000000192,3470253,02,CENTRO DE SAUDE/UNIDADE BASICA,,,, ,,
US 160 POLICLINICA GOUVEIA DE BARROS,10565000000192,0000507,04,POLICLINICA,,,, ,,
US 109 CS FRANCISCO PIGNATARI,10565000000192,0001163,02,CENTRO DE SAUDE/UNIDADE BASICA,,,, ,,
FUNDACAO HEMOPE,10564953000136,0000809,07,HOSPITAL ESPECIALIZADO,004,ONCOLOGIA,, ,,
US 155 CS PROF MONTEIRO DE MORAIS,10565000000192,0000825,02,CENTRO DE SAUDE/UNIDADE BASICA,,,, ,,
US 288 USF MORRO DA CONCEICAO,10565000000192,2679787,02,CENTRO DE SAUDE/UNIDADE BASICA,,,, ,,
US 116 UNIDADE PUBLICA DE ATEND ESPECIALIZADO UPAE IBURA,10565000000192,0407070,36,CLINICA/CENTRO DE ESPECIALIDADE,009,OUTROS,, ,,
US 274 USF TIA REGINA,10565000000192,0028096,02,CENTRO DE SAUDE/UNIDADE BASICA,,,, ,,
US 282 USF VILA DAS AEROMOCAS,10565000000192,0029068,02,CENTRO DE SAUDE/UNIDADE BASICA,,,, ,,
US 270 USF MONTE VERDE,10565000000192,0026387,02,CENTRO DE SAUDE/UNIDADE BASICA,,,, ,,
US 257 USF GILBERTO FREIRE,10565000000192,0028045,02,CENTRO DE SAUDE/UNIDADE BASICA,,,, ,,
CENTRAL ESTADUAL DE REDE DE FRIO CERF,10572048000128,0110280,84,CENTRAL DE ABASTECIMENTO,,,, ,,
HOSPITAL DOS SERVIDORES DO ESTADO PERNAMBUCO HSE,11944899000117,2711923,05,HOSPITAL GERAL,,,, ,,
US 245 USF PLANETA DOS MACACOS II,10565000000192,0022438,02,CENTRO DE SAUDE/UNIDADE BASICA,,,, ,,
US 167 POLICLINICA E MATERNIDADE PROFESSOR BARROS LIMA,10565000000192,0020516,05,HOSPITAL GERAL,,,, ,,
US 243 USF SANTO AMARO II,10565000000192,0022225,02,CENTRO DE SAUDE/UNIDADE BASICA,,,, ,,
US 179 USF ALTO DO CEU,10565000000192,0001503,02,CENTRO DE SAUDE/UNIDADE BASICA,,,, ,,
US 120 CS MARIO MONTEIRO MELO,10565000000192,0001317,02,CENTRO DE SAUDE/UNIDADE BASICA,,,, ,,
US 225 USF SKYLAB II,10565000000192,0022306,02,CENTRO DE SAUDE/UNIDADE BASICA,,,, ,,
US 232 USF ILHA SANTA TEREZINHA,10565000000192,0022187,02,CENTRO DE SAUDE/UNIDADE BASICA,,,, ,,
US 355 ACADEMIA DA CIDADE POLO HIPODROMO,10565000000192,6664245,74,POLO ACADEMIA DA SAUDE,,,, ,,
US 362 ACADEMIA DA CIDADE POLO AVENIDA DO FORTE,10565000000192,6664660,74,POLO ACADEMIA DA SAUDE,,,, ,,
US 157 UNIDADE PUB DE ATEND ESPECIALIZADO UPAE MUSTARDINHA,10565000000192,4329988,36,CLINICA/CENTRO DE ESPECIALIDADE,009,OUTROS,, ,,
SERVICO DE SAUDE MEDICO OCUPACIONAL,11426103000134,4271955,36,CLINICA/CENTRO DE ESPECIALIDADE,009,OUTROS,, ,,
US 444 HOSPITAL DA MULHER DO RECIFE DRA MERCES PONTES CUNHA,10565000000192,7958838,05,HOSPITAL GERAL,,,, ,,
US 379 ACADEMIA DA CIDADE POLO SIMAO BORBA,10565000000192,7018266,74,POLO ACADEMIA DA SAUDE,,,, ,,
US 380 ACADEMIA DA CIDADE POLO BURITI,10565000000192,7018339,74,POLO ACADEMIA DA SAUDE,,,, ,,
US 395 USF UPINHA DIA DRA FERNANDA WANDERLEY,10565000000192,7524501,02,CENTRO DE SAUDE/UNIDADE BASICA,,,, ,,
US 386 ACADEMIA DA CIADE POLO RODA DE FOGO,10565000000192,7135874,74,POLO ACADEMIA DA SAUDE,,,, ,,
US 198 AMBULANCIA 11,10565000000192,6983421,42,UNIDADE MOVEL DE NIVEL PRE-HOSPITALAR NA AREA DE URGENCIA,,,, ,,
CENIP RECIFE FUNASE,11722741000100,7884702,36,CLINICA/CENTRO DE ESPECIALIDADE,009,OUTROS,, ,,
US 127 MOTOLANCIA 05,10565000000192,7548419,42,UNIDADE MOVEL DE NIVEL PRE-HOSPITALAR NA AREA DE URGENCIA,,,, ,,
US 208 USA 03,10565000000192,6983243,42,UNIDADE MOVEL DE NIVEL PRE-HOSPITALAR NA AREA DE URGENCIA,,,, ,,
US 304 CAPS DAVID CAPISTRANO,10565000000192,3301990,70,CENTRO DE ATENCAO PSICOSSOCIAL,003,CAPS III,, ,,
US 300 USF DR DR GERALDO BARRETO CAMPELO SAN MARTIN,10565000000192,3131521,02,CENTRO DE SAUDE/UNIDADE BASICA,,,, ,,
US 328 USF ALTO DO MARACANA,10565000000192,3567826,02,CENTRO DE SAUDE/UNIDADE BASICA,,,, ,,
US 317 USF ALTO DA BELA VISTA,10565000000192,3380300,02,CENTRO DE SAUDE/UNIDADE BASICA,,,, ,,
US 290 USF DA MANGABEIRA,10565000000192,3006476,02,CENTRO DE SAUDE/UNIDADE BASICA,,,, ,,
US 405 MOTOLANCIA 07,10565000000192,9703659,42,UNIDADE MOVEL DE NIVEL PRE-HOSPITALAR NA AREA DE URGENCIA,,,, ,,
HOSPITAL DA RESTAURACAO,10572048000209,0000655,05,HOSPITAL GERAL,,,, ,,
HOSPITAL OSWALDO CRUZ,11022597001325,0000477,05,HOSPITAL GERAL,,,, ,,
US 163 HOSPITAL DE PEDIATRIA HELENA MOURA,10565000000192,0001015,07,HOSPITAL ESPECIALIZADO,001,PEDIATRIA,, ,,
US 121 CS PROF BRUNO MAIA,10565000000192,0001058,02,CENTRO DE SAUDE/UNIDADE BASICA,,,, ,,
US 161 CS PROF ROMERO MARQUES,10565000000192,0000760,02,CENTRO DE SAUDE/UNIDADE BASICA,,,, ,,
US 143 LABORATORIO MUNICIPAL DO RECIFE,10565000000192,0000779,80,LABORATORIO DE SAUDE PUBLICA,004,LABORATORIO MUNICIPAL,, ,,
US 137 CS PROF DJAIR BRINDEIRO,10565000000192,0000833,02,CENTRO DE SAUDE/UNIDADE BASICA,,,, ,,
US 142 CS BIDU KRAUSE,10565000000192,0000868,02,CENTRO DE SAUDE/UNIDADE BASICA,,,, ,,
US 156 ATENDE EM CASA,10565000000192,0399078,02,CENTRO DE SAUDE/UNIDADE BASICA,,,, ,,
CENTRAL DE REGULACAO MEDICA,10572048000128,2319160,81,CENTRAL DE REGULACAO DO ACESSO,,,, ,,
US 278 USF NOSSA SRA DO PILAR BAIRRO DO RECIFE,10565000000192,0028665,02,CENTRO DE SAUDE/UNIDADE BASICA,,,, ,,
HOSPITAL MILITAR DE AREA DE RECIFE,09577422000280,0113956,05,HOSPITAL GERAL,,,, ,,
US 276 USF UPINHA DIA ALTO DO PASCOAL,10565000000192,0028649,02,CENTRO DE SAUDE/UNIDADE BASICA,,,, ,,
FARMACIA DA FAMILIA PONTO DE PARADA,10565000000192,0044598,43,FARMACIA,,,, ,,
US 117 USF GASPAR REGUEIRA COSTA,10565000000192,0001414,02,CENTRO DE SAUDE/UNIDADE BASICA,,,, ,,
US 171 USF JOAQUIM COSTA CARVALHO,10565000000192,0002011,02,CENTRO DE SAUDE/UNIDADE BASICA,,,, ,,
US 226 USF CHAO DE ESTRELAS,10565000000192,0022233,02,CENTRO DE SAUDE/UNIDADE BASICA,,,, ,,
US 233 USF VIETNA,10565000000192,0022322,02,CENTRO DE SAUDE/UNIDADE BASICA,,,, ,,
US 123 CS PROF CESAR MONTEZUMA,10565000000192,0002143,02,CENTRO DE SAUDE/UNIDADE BASICA,,,, ,,
US 230 USF LAGOA ENCANTADA,10565000000192,0022470,02,CENTRO DE SAUDE/UNIDADE BASICA,,,, ,,
US 256 USF PASSARINHO BAIXO,10565000000192,0026204,02,CENTRO DE SAUDE/UNIDADE BASICA,,,, ,,
US 241 USF COELHOS II,10565000000192,0022209,02,CENTRO DE SAUDE/UNIDADE BASICA,,,, ,,
US 132 DISTRITO SANITARIO II RECIFE,10565000000192,6472982,68,CENTRAL DE GESTAO EM SAUDE,004,DISTRITO SANITARIO,, ,,
US 354 ACADEMIA DA CIDADE POLO ALTO DO CAPITAO,10565000000192,6664237,74,POLO ACADEMIA DA SAUDE,,,, ,,
US 357 ACADEMIA DA CIDADE POLO COQUE,10565000000192,6664261,74,POLO ACADEMIA DA SAUDE,,,, ,,
US 359 ACADEMIA DA CIDADE POLO SITIO DA TRINDADE,10565000000192,6664296,74,POLO ACADEMIA DA SAUDE,,,, ,,
US 364 ACADEMIA DA CIDADE POLO ENGENHO DO MEIO,10565000000192,6664717,74,POLO ACADEMIA DA SAUDE,,,, ,,
US 368 ACADEMIA DA CIDADE POLO BOA VIAGEM,10565000000192,6664911,74,POLO ACADEMIA DA SAUDE,,,, ,,
HOSPITAL NAVAL DO RECIFE,00394502006690,5396670,05,HOSPITAL GERAL,,,, ,,
US 307 USF ENCANTA MOCA,10565000000192,4426150,02,CENTRO DE SAUDE/UNIDADE BASICA,,,, ,,
US 381 ACADEMIA DA CIDADE POLO HEROIS DA RESTAURACAO,10565000000192,7018371,74,POLO ACADEMIA DA SAUDE,,,, ,,
US 392 ACADEMIA DA CIDADE POLO JOVEM CAP,10565000000192,7172907,74,POLO ACADEMIA DA SAUDE,,,, ,,
US 394 USF UPINHA 24H DR MOACYR ANDRE GOMES,10565000000192,7415788,02,CENTRO DE SAUDE/UNIDADE BASICA,,,, ,,
NUCLEO ESTADUAL DE TELESSAUDE DE PERNAMBUCO,10572048000128,7818211,75,TELESSAUDE,002,UNIDADE DE TELESSAUDE,, ,,
CENIP SANTA LUZIA,11722741000100,7884885,36,CLINICA/CENTRO DE ESPECIALIDADE,009,OUTROS,, ,,
US 326 USF JADER DE ANDRADE COMUNIDADE ENTRA APULSO,10565000000192,3470261,02,CENTRO DE SAUDE/UNIDADE BASICA,,,, ,,
US 299 USF JORDAO BAIXO,10565000000192,3153479,02,CENTRO DE SAUDE/UNIDADE BASICA,,,, ,,
US 324 USF ALTO JOSE BONIFACIO,10565000000192,3371336,02,CENTRO DE SAUDE/UNIDADE BASICA,,,, ,,
US 315 USF UR 3,10565000000192,3562638,02,CENTRO DE SAUDE/UNIDADE BASICA,,,, ,,
US 309 USF PONTO DE PARADA,10565000000192,3302032,02,CENTRO DE SAUDE/UNIDADE BASICA,,,, ,,
US 146 POLO ACADEMIA DA CIDADE ERMIRIO DE MORAES,10565000000192,3397556,74,POLO ACADEMIA DA SAUDE,,,, ,,
US 403 USF UPINHA DIA CHIE,10565000000192,7992955,02,CENTRO DE SAUDE/UNIDADE BASICA,,,, ,,
US 404 USF SANTO AMARO III,10565000000192,9384324,02,CENTRO DE SAUDE/UNIDADE BASICA,,,, ,,
US 406 MOTOLANCIA 08,10565000000192,9703810,42,UNIDADE MOVEL DE NIVEL PRE-HOSPITALAR NA AREA DE URGENCIA,,,, ,,
US 165 MATERNIDADE BANDEIRA FILHO,10565000000192,0000701,07,HOSPITAL ESPECIALIZADO,005,MATERNIDADE,, ,,
US 321 CENTRAL DE ALERGOLOGIA,10565000000192,0000906,36,CLINICA/CENTRO DE ESPECIALIDADE,009,OUTROS,, ,,
US 104 CS SEBASTIAO IVO RABELO,10565000000192,0001082,02,CENTRO DE SAUDE/UNIDADE BASICA,,,, ,,
US 186 USF JARDIM UCHOA,10565000000192,0001112,02,CENTRO DE SAUDE/UNIDADE BASICA,,,, ,,
CENTRO UNIVERSITARIO INTEGRADO DE SAUDE AMAURY DE MEDEIROS,11022597001244,2711613,07,HOSPITAL ESPECIALIZADO,005,MATERNIDADE,, ,,
US 287 USF ALTO JOSE DO PINHO,10565000000192,2679779,02,CENTRO DE SAUDE/UNIDADE BASICA,,,, ,,
US 283 USF VILA BOA VISTA,10565000000192,0029106,02,CENTRO DE SAUDE/UNIDADE BASICA,,,, ,,
US 285 USF SAO JOSE DO COQUE,10565000000192,0029130,02,CENTRO DE SAUDE/UNIDADE BASICA,,,, ,,
US 124 AMBULANCIA 22,10565000000192,0797316,42,UNIDADE MOVEL DE NIVEL PRE-HOSPITALAR NA AREA DE URGENCIA,,,, ,,
US 223 CENTRO DE REABILIT FISIO ANTONIO NOGUEIRA DE AMORIM,10565000000192,0028983,36,CLINICA/CENTRO DE ESPECIALIDADE,001,CENTRO ESPECIALIZADO EM REABILITAÇÃO (CER),, ,,
US 267 USF UR 2,10565000000192,0026352,02,CENTRO DE SAUDE/UNIDADE BASICA,,,, ,,
US 110 CS JOAO DE BARROS,10565000000192,0266507,02,CENTRO DE SAUDE/UNIDADE BASICA,,,, ,,
US 289 USF JOSUE DE CASTRO,10565000000192,2752824,02,CENTRO DE SAUDE/UNIDADE BASICA,,,, ,,
US 234 USF RODA DE FOGO COSIROF,10565000000192,0022330,02,CENTRO DE SAUDE/UNIDADE BASICA,,,, ,,
HOSPITAL PSIQUIATRICO ULYSSES PERNAMBUCANO,10572048001604,0001546,07,HOSPITAL ESPECIALIZADO,006,PSIQUIATRIA,, ,,
US 112 CS DR JOSE DUSTAN CARVALHO SOARES,10565000000192,0001813,02,CENTRO DE SAUDE/UNIDADE BASICA,,,, ,,
US 221 USF ILHA DE JOANEIRO,10565000000192,0002135,02,CENTRO DE SAUDE/UNIDADE BASICA,,,, ,,
US 158 CS PAM CEASA,10565000000192,0001368,02,CENTRO DE SAUDE/UNIDADE BASICA,,,, ,,
US 238 USF IRAQUE,10565000000192,0022403,02,CENTRO DE SAUDE/UNIDADE BASICA,,,, ,,
US 239 USF COQUEIRAL I E II,10565000000192,0022411,02,CENTRO DE SAUDE/UNIDADE BASICA,,,, ,,
UPA CAXANGA,10572048000128,6488315,73,PRONTO ATENDIMENTO,003,UPA,, ,,
US 136 DISTRITO SANITARIO VI RECIFE,10565000000192,6508510,68,CENTRAL DE GESTAO EM SAUDE,004,DISTRITO SANITARIO,, ,,
US 372 ACADEMIA DA CIDADE POLO LAGOA DO ARACA,10565000000192,6665071,74,POLO ACADEMIA DA SAUDE,,,, ,,
US 350 USF CORREGO DO EUCALIPTO,10565000000192,6334067,02,CENTRO DE SAUDE/UNIDADE BASICA,,,, ,,
US 337 USF SITIO WANDERLEY,10565000000192,5320380,02,CENTRO DE SAUDE/UNIDADE BASICA,,,, ,,
US 341 USF PROF FERNANDO FIGUEIRA,10565000000192,5392039,02,CENTRO DE SAUDE/UNIDADE BASICA,,,, ,,
US 139 DISTRITO SANITARIO VII RECIFE,10565000000192,7775504,68,CENTRAL DE GESTAO EM SAUDE,004,DISTRITO SANITARIO,, ,,
US 382 ACADEMIA DA CIDADE POLO VARZEA,10565000000192,7018452,74,POLO ACADEMIA DA SAUDE,,,, ,,
NUCLEO DE TELESSAUDE DA UFPE,24134488000108,7168292,75,TELESSAUDE,002,UNIDADE DE TELESSAUDE,, ,,
US 195 AMBULANCIA 08,10565000000192,6983375,42,UNIDADE MOVEL DE NIVEL PRE-HOSPITALAR NA AREA DE URGENCIA,,,, ,,
US 206 USA 01,10565000000192,6980384,42,UNIDADE MOVEL DE NIVEL PRE-HOSPITALAR NA AREA DE URGENCIA,,,, ,,
US 399 USF UPINHA DIA NOVO JIQUIA,10565000000192,7648480,02,CENTRO DE SAUDE/UNIDADE BASICA,,,, ,,
US 213 MOTOLANCIA 02,10565000000192,6983596,42,UNIDADE MOVEL DE NIVEL PRE-HOSPITALAR NA AREA DE URGENCIA,,,, ,,
US 114 NUCLEO DE ATENCAO A SAUDE DO TRABALHADOR NAST RECIFE,10565000000192,7649037,36,CLINICA/CENTRO DE ESPECIALIDADE,009,OUTROS,, ,,
US 388 ACADEMIA DA CIDADE POLO ABC,10565000000192,7172869,74,POLO ACADEMIA DA SAUDE,,,, ,,
US 316 USF BERNARD VAN LEER,10565000000192,3562581,02,CENTRO DE SAUDE/UNIDADE BASICA,,,, ,,
US 331 USF PROF AMAURY DE MEDEIROS,10565000000192,3703223,02,CENTRO DE SAUDE/UNIDADE BASICA,,,, ,,
US 308 CAPS PROF ZALDO ROCHA,10565000000192,3302024,70,CENTRO DE ATENCAO PSICOSSOCIAL,004,CAPS INFANTO/JUVENIL,, ,,
US 334 USF CABANGA,10565000000192,3862836,02,CENTRO DE SAUDE/UNIDADE BASICA,,,, ,,
US 327 USF CLUBE DOS DELEGADOS,10565000000192,3445275,02,CENTRO DE SAUDE/UNIDADE BASICA,,,, ,,
US 305 USF DA MACAXEIRA,10565000000192,3302008,02,CENTRO DE SAUDE/UNIDADE BASICA,,,, ,,
US 311 USF AGUA VIVA,10565000000192,3569349,02,CENTRO DE SAUDE/UNIDADE BASICA,,,, ,,
US 154 USF RIO PAJEU,10565000000192,3639827,02,CENTRO DE SAUDE/UNIDADE BASICA,,,, ,,
US 298 USF JORDAO ALTO,10565000000192,3153460,02,CENTRO DE SAUDE/UNIDADE BASICA,,,, ,,
US 219 AMBULANCIA 19,10565000000192,9701036,42,UNIDADE MOVEL DE NIVEL PRE-HOSPITALAR NA AREA DE URGENCIA,,,, ,,
US 314 USF RIO DA PRATA,10565000000192,9890327,02,CENTRO DE SAUDE/UNIDADE BASICA,,,, ,,
CEO UFPE,24134488000108,0000663,36,CLINICA/CENTRO DE ESPECIALIDADE,009,OUTROS,, ,,
US 159 POLICLINICA AGAMENON MAGALHAES,10565000000192,0000531,04,POLICLINICA,,,, ,,
US 128 POLICLINICA LESSA DE ANDRADE,10565000000192,0000590,04,POLICLINICA,,,, ,,
US 150 CS PROFESSOR FERNANDES FIGUEIRAS,10565000000192,0000841,02,CENTRO DE SAUDE/UNIDADE BASICA,,,, ,,
US 152 CS INA ROSA BORGES,10565000000192,0001236,02,CENTRO DE SAUDE/UNIDADE BASICA,,,, ,,
US 149 CS OLINTO OLIVEIRA,10565000000192,0000817,02,CENTRO DE SAUDE/UNIDADE BASICA,,,, ,,
US 343 CAPS CEMPI CENTRO MEDICO PSICO PEDAGOGICO INFANTIL,10565000000192,2711427,70,CENTRO DE ATENCAO PSICOSSOCIAL,004,CAPS INFANTO/JUVENIL,, ,,
HOSPITAL NOSSA SENHORA DAS GRACAS,10572048000128,0134252,05,HOSPITAL GERAL,,,, ,,
US 105 CS SALOMAO KELNER,10565000000192,0215589,02,CENTRO DE SAUDE/UNIDADE BASICA,,,, ,,
LIACLI,24134488000108,0963364,39,UNIDADE DE APOIO DIAGNOSE E TERAPIA (SADT ISOLADO),,,, ,,
LABORATORIO DE IMUNOPATOLOGIA KEIZO ASAMI LIKA,24134488000108,0378003,80,LABORATORIO DE SAUDE PUBLICA,002,LABORATORIO FEDERAL,, ,,
US 175 USF DR DIOGENES CAVALCANTI,10565000000192,0001244,02,CENTRO DE SAUDE/UNIDADE BASICA,,,, ,,
US 242 USF SANTO AMARO I SITIO DO CEU,10565000000192,0022217,02,CENTRO DE SAUDE/UNIDADE BASICA,,,, ,,
US 236 USF RODA DE FOGO MACAE,10565000000192,0022357,02,CENTRO DE SAUDE/UNIDADE BASICA,,,, ,,
US 216 USF APIPUCOS,10565000000192,0002127,02,CENTRO DE SAUDE/UNIDADE BASICA,,,, ,,
US 353 ACADEMIA DA CIDADE POLO ILHA DE JOANEIRO,10565000000192,6660398,74,POLO ACADEMIA DA SAUDE,,,, ,,
CLINICA DE FONOAUDIOLOGIA UFPE,24134488000108,6486444,36,CLINICA/CENTRO DE ESPECIALIDADE,009,OUTROS,, ,,
US 365 ACADEMIA DA CIDADE POLO PRACA DO POETA,10565000000192,6664741,74,POLO ACADEMIA DA SAUDE,,,, ,,
US 373 USF CIDADE OPERARIA,10565000000192,6691285,02,CENTRO DE SAUDE/UNIDADE BASICA,,,, ,,
US 338 USF JARDIM SAO PAULO,10565000000192,5342074,02,CENTRO DE SAUDE/UNIDADE BASICA,,,, ,,
US 339 USF ALTO DO CAPITAO,10565000000192,5356881,02,CENTRO DE SAUDE/UNIDADE BASICA,,,, ,,
I GERENCIA REGIONAL DE SAUDE RECIFE,09794975000537,5856752,68,CENTRAL DE GESTAO EM SAUDE,002,REGIONAL DE SAUDE,, ,,
US 349 USF CASARAO DO CORDEIRO,10565000000192,6008984,02,CENTRO DE SAUDE/UNIDADE BASICA,,,, ,,
US 377 ACADEMIA DA CIDADE POLO CHIE,10565000000192,6916317,74,POLO ACADEMIA DA SAUDE,,,, ,,
US 180 CENTRAL DE REGULACAO MEDICA SAMU METROPOLITANO RECIFE,10565000000192,6946283,76,CENTRAL DE REGULACAO MEDICA DAS URGENCIAS,002,REGIONAL,, ,,
US 205 AMBULANCIA 18,10565000000192,7015429,42,UNIDADE MOVEL DE NIVEL PRE-HOSPITALAR NA AREA DE URGENCIA,,,, ,,
US 383 ACADEMIA DA CIDADE POLO LAVADEIRAS,10565000000192,7018495,74,POLO ACADEMIA DA SAUDE,,,, ,,
US 193 AMBULANCIA 06,10565000000192,6983340,42,UNIDADE MOVEL DE NIVEL PRE-HOSPITALAR NA AREA DE URGENCIA,,,, ,,
DISTRITO SANITARIO ESPECIAL INDIGENA PERNAMBUCO PE,00394544004172,7330979,72,UNIDADE DE ATENCAO A SAUDE INDIGENA,005,DISTRITO SANITARIO ESPECIAL INDIGENA (DSEI) - SEDE,, ,,
UNIDADE BASICA DE SAUDE PRISIONAL PJALLB,06290858000114,7574185,02,CENTRO DE SAUDE/UNIDADE BASICA,,,, ,,
AMBULATORIO PRESIDIO ANIBAL BRUNO,06290858000114,7352026,02,CENTRO DE SAUDE/UNIDADE BASICA,,,, ,,
US 393 USF UPINHA DIA BONGI NOVO PRADO,10565000000192,7404379,02,CENTRO DE SAUDE/UNIDADE BASICA,,,, ,,
US 204 AMBULANCIA 17,10565000000192,6983510,42,UNIDADE MOVEL DE NIVEL PRE-HOSPITALAR NA AREA DE URGENCIA,,,, ,,
US 212 MOTOLANCIA 01,10565000000192,6983545,42,UNIDADE MOVEL DE NIVEL PRE-HOSPITALAR NA AREA DE URGENCIA,,,, ,,
US 211 HELICOPTERO PRF 01,10565000000192,7560214,42,UNIDADE MOVEL DE NIVEL PRE-HOSPITALAR NA AREA DE URGENCIA,,,, ,,
US 389 ACADEMIA DA CIDADE POLO PARQUE SANTANA,10565000000192,7172877,74,POLO ACADEMIA DA SAUDE,,,, ,,
US 293 POLICLINICA DO PINA,10565000000192,3037096,04,POLICLINICA,,,, ,,
US 302 USF BYRON SARINHO,10565000000192,3301974,02,CENTRO DE SAUDE/UNIDADE BASICA,,,, ,,
US 303 CAPS AD ESPACO TRAVESSIA RENE RIBEIRO,10565000000192,3480518,70,CENTRO DE ATENCAO PSICOSSOCIAL,005,CAPS ALCOOL E DROGA,, ,,
SERVICO ESCOLA DE NUTRICAO EMILIA AURELIANO SENEA,24134488000108,2986450,36,CLINICA/CENTRO DE ESPECIALIDADE,009,OUTROS,, ,,
US 220 PROGRAMA MAE CORUJA RECIFE,10565000000192,3822141,02,CENTRO DE SAUDE/UNIDADE BASICA,,,, ,,
US 297 USF DO PINA,10565000000192,3153568,02,CENTRO DE SAUDE/UNIDADE BASICA,,,, ,,
US 301 USF BONGI BOA IDEIA,10565000000192,3131572,02,CENTRO DE SAUDE/UNIDADE BASICA,,,, ,,
US 310 CAPS AD PROF JOSE LUCENA,10565000000192,3302040,70,CENTRO DE ATENCAO PSICOSSOCIAL,002,CAPS II,, ,,
US 322 UNIDADE DE CUIDADOS INTEGRAIS GUILHERME ABATH,10565000000192,3371301,02,CENTRO DE SAUDE/UNIDADE BASICA,,,, ,,
US 162 POLICLINICA ALBERT SABIN,10565000000192,0000612,04,POLICLINICA,,,, ,,
US 113 CS DR ARISTARCHO DOURADO DE AZEVEDO,10565000000192,0001198,02,CENTRO DE SAUDE/UNIDADE BASICA,,,, ,,
US 166 POLICLINICA CENTRO,10565000000192,0001139,04,POLICLINICA,,,, ,,
HOSPITAL BARAO DE LUCENA,10572048000632,2427427,05,HOSPITAL GERAL,,,, ,,
US 268 USF CAFESOPOLIS,10565000000192,0026360,02,CENTRO DE SAUDE/UNIDADE BASICA,,,, ,,
US 277 CAPS ESPERANCA,10565000000192,0028657,70,CENTRO DE ATENCAO PSICOSSOCIAL,002,CAPS II,, ,,
US 269 USF BEIRA DO RIO COMUNIDADE BOA VIAGEM,10565000000192,0026379,02,CENTRO DE SAUDE/UNIDADE BASICA,,,, ,,
US 279 USF PASSARINHO ALTO,10565000000192,0028673,02,CENTRO DE SAUDE/UNIDADE BASICA,,,, ,,
US 284 USF VILA SAO MIGUEL MARROM GLACE,10565000000192,0029114,02,CENTRO DE SAUDE/UNIDADE BASICA,,,, ,,
US 209 USA 04,10565000000192,0028932,42,UNIDADE MOVEL DE NIVEL PRE-HOSPITALAR NA AREA DE URGENCIA,,,, ,,
US 286 USF IRMA TEREZINHA,10565000000192,0029122,02,CENTRO DE SAUDE/UNIDADE BASICA,,,, ,,
US 251 USF DA GUABIRABA,10565000000192,0022292,02,CENTRO DE SAUDE/UNIDADE BASICA,,,, ,,
US 254 USF BRASILIT,10565000000192,0024511,02,CENTRO DE SAUDE/UNIDADE BASICA,,,, ,,
US 248 USF BARREIRAS,10565000000192,0022314,02,CENTRO DE SAUDE/UNIDADE BASICA,,,, ,,
US 148 CS DOM MIGUEL DE LIMA VALVERDE,10565000000192,0001392,02,CENTRO DE SAUDE/UNIDADE BASICA,,,, ,,
US 172 USF TRES CARNEIROS,10565000000192,0002062,02,CENTRO DE SAUDE/UNIDADE BASICA,,,, ,,
US 240 USF COELHOS I,10565000000192,0022195,02,CENTRO DE SAUDE/UNIDADE BASICA,,,, ,,
HOSPITAL PELOPIDAS SILVEIRA,10572048000128,6908268,05,HOSPITAL GERAL,,,, ,,
US 369 ACADEMIA DA CIDADE POLO BRASILIA TEIMOSA,10565000000192,6665012,74,POLO ACADEMIA DA SAUDE,,,, ,,
US 374 ACADEMIA DA CIDADE POLO 13 DE MAIO,10565000000192,6865003,74,POLO ACADEMIA DA SAUDE,,,, ,,
US 185 SAD RECIFE,10565000000192,4433009,77,SERVICO DE ATENCAO DOMICILIAR ISOLADO(HOME CARE),,,, ,,
US 378 USF JARDIM TERESOPOLIS,10565000000192,6916325,02,CENTRO DE SAUDE/UNIDADE BASICA,,,, ,,
US 190 AMBULANCIA 03,10565000000192,6983308,42,UNIDADE MOVEL DE NIVEL PRE-HOSPITALAR NA AREA DE URGENCIA,,,, ,,
US 140 DISTRITO SANITARIO VIII RECIFE,10565000000192,7890370,68,CENTRAL DE GESTAO EM SAUDE,004,DISTRITO SANITARIO,, ,,
US 194 AMBULANCIA 07,10565000000192,6983367,42,UNIDADE MOVEL DE NIVEL PRE-HOSPITALAR NA AREA DE URGENCIA,,,, ,,
US 181 CENTRAL DE REGULACAO REGIONAL DO RECIFE,10565000000192,7168403,81,CENTRAL DE REGULACAO DO ACESSO,,,, ,,
CENTRO DE REFERENCIA EM SAUDE DO TRABALHADOR CEREST PE,10572048000128,7227000,36,CLINICA/CENTRO DE ESPECIALIDADE,005,CENTRO DE REFERÊNCIA EM SAÚDE DO TRABALHADOR CEREST,, ,,
US 400 USF UPINHA DIA DOM HELDER,10565000000192,7845367,02,CENTRO DE SAUDE/UNIDADE BASICA,,,, ,,
US 196 AMBULANCIA 09,10565000000192,6983391,42,UNIDADE MOVEL DE NIVEL PRE-HOSPITALAR NA AREA DE URGENCIA,,,, ,,
US 197 AMBULANCIA 10,10565000000192,6983413,42,UNIDADE MOVEL DE NIVEL PRE-HOSPITALAR NA AREA DE URGENCIA,,,, ,,
UNIDADE BASICA DE SAUDE PRISIONAL PAMFA,06290858002672,7574215,02,CENTRO DE SAUDE/UNIDADE BASICA,,,, ,,
UNIDADE BASICA DE SAUDE PRISIONAL PFDB,06290858002753,7574223,02,CENTRO DE SAUDE/UNIDADE BASICA,,,, ,,
US 130 MOTOLANCIA 06,10565000000192,7548427,42,UNIDADE MOVEL DE NIVEL PRE-HOSPITALAR NA AREA DE URGENCIA,,,, ,,
US 398 ACADEMIA DA CIDADE POLO CAVOUCO,10565000000192,7626118,74,POLO ACADEMIA DA SAUDE,,,, ,,
US 390 ACADEMIA DA CIDADE POLO CSU AFRANIO GODOY,10565000000192,7172885,74,POLO ACADEMIA DA SAUDE,,,, ,,
US 335 CAPS AD ESTACAO VICENTE ARAUJO,10565000000192,3938301,70,CENTRO DE ATENCAO PSICOSSOCIAL,005,CAPS ALCOOL E DROGA,, ,,
US 295 USF COSME E DAMIAO,10565000000192,3153487,02,CENTRO DE SAUDE/UNIDADE BASICA,,,, ,,
US 402 ACADEMIA DA CIDADE POLO UR 5,10565000000192,7977018,74,POLO ACADEMIA DA SAUDE,,,, ,,
