ID_TP_EQUIPE,TP_EQUIPE,SG_EQUIPE,DS_EQUIPE,CO_INE,CO_AREA,DS_AREA,NM_REFERENCIA,DT_DESATIVACAO
,76,EAP,EAP - EQUIPE DE ATENCAO PRIMARIA,0002334305,0444,0444,EAP JOAQUIM CAVALCANTE I,
,70,ESF,ESF - EQUIPE DE SAUDE DA FAMILIA,0001476459,0405,0405,INC PACS JOAQ. CAVALCANTI EQ 4,
,70,ESF,ESF - EQUIPE DE SAUDE DA FAMILIA,0002403498,0000,0000,EQUIPE 4,
,76,EAP,EAP - EQUIPE DE ATENCAO PRIMARIA,0002334313,0445,0445,EAP JOAQUIM CAVALCANTE II,
,70,ESF,ESF - EQUIPE DE SAUDE DA FAMILIA,0002402483,0000,0000,EQUIPE 1,
,70,ESF,ESF - EQUIPE DE SAUDE DA FAMILIA,0000152404,0402,0402,PACS BERARDO,
,70,ESF,ESF - EQUIPE DE SAUDE DA FAMILIA,0000152420,0123,0123,INC PACS DSIV EQUIPE 3 TORROES,
,70,ESF,ESF - EQUIPE DE SAUDE DA FAMILIA,0001582542,0441,0441,INC PACS ZUMBI,
,70,ESF,ESF - EQUIPE DE SAUDE DA FAMILIA,0000152412,0119,0119,INC PACS DS IV EQUIPE II PRADO,
,70,ESF,ESF - EQUIPE DE SAUDE DA FAMILIA,0002402491,0000,0000,EQUIPE 2,
,70,ESF,ESF - EQUIPE DE SAUDE DA FAMILIA,0002402505,0000,0000,EQUIPE 3,
,70,ESF,ESF - EQUIPE DE SAUDE DA FAMILIA,0000152773,0200,0200,LUIZ WILSON II,
,71,ESB,ESB - EQUIPE DE SAUDE BUCAL,0001727699,0001,0001,SBM1 LUIZ WILSON I,
,71,ESB,ESB - EQUIPE DE SAUDE BUCAL,0001794167,0004,0004,SBM1 LUIZ WILSON IV,
,70,ESF,ESF - EQUIPE DE SAUDE DA FAMILIA,0002400405,0000,0000,LUIZ WILSON V,
,70,ESF,ESF - EQUIPE DE SAUDE DA FAMILIA,0000152730,0015,0015,LUIZ WILSON I,
,71,ESB,ESB - EQUIPE DE SAUDE BUCAL,0001791540,0002,0002,SBM1 LUIZ WILSON II,
,70,ESF,ESF - EQUIPE DE SAUDE DA FAMILIA,0000152714,0207,0207,LUIZ WILSON IV,
,70,ESF,ESF - EQUIPE DE SAUDE DA FAMILIA,0000152765,0202,0202,LUIZ WILSON III,
,71,ESB,ESB - EQUIPE DE SAUDE BUCAL,0001793845,0003,0003,SBM1 LUIZ WILSON III,
,71,ESB,ESB - EQUIPE DE SAUDE BUCAL,0001888447,0001,0001,SBM2 SITIO CARDOSO I,
,70,ESF,ESF - EQUIPE DE SAUDE DA FAMILIA,0002429748,0000,0000,SITIO DO CARDOSO III,
,70,ESF,ESF - EQUIPE DE SAUDE DA FAMILIA,0000154598,0424,0424,SITIO CARDOSO / MANG.TORRE II,
,70,ESF,ESF - EQUIPE DE SAUDE DA FAMILIA,0000154601,0423,0423,SITIO CARDOSO I,
,70,ESF,ESF - EQUIPE DE SAUDE DA FAMILIA,0000154458,0308,0308,SANTA TEREZA / FREI DAMIAO,
,70,ESF,ESF - EQUIPE DE SAUDE DA FAMILIA,0000153699,0050,0050,CORREGO DA BICA II,
,71,ESB,ESB - EQUIPE DE SAUDE BUCAL,0001887785,0001,0001,SBM2 CORREGO DA BICA I,
,70,ESF,ESF - EQUIPE DE SAUDE DA FAMILIA,0000153702,0053,0053,CORREGO DA BICA IV,
,70,ESF,ESF - EQUIPE DE SAUDE DA FAMILIA,0000153710,0327,0327,CORREGO DA BICA I,
,70,ESF,ESF - EQUIPE DE SAUDE DA FAMILIA,0002425173,0000,0000,CORREGO DA BICA V,
,70,ESF,ESF - EQUIPE DE SAUDE DA FAMILIA,0000153737,0055,0055,CORREGO DA BICA III,
,70,ESF,ESF - EQUIPE DE SAUDE DA FAMILIA,0000154229,0101,0101,ALTO DO EUCALIPTO EQUIPE I,
,71,ESB,ESB - EQUIPE DE SAUDE BUCAL,0001755234,0001,0001,SBM1 ALTO DO EUCALIPTO,
,70,ESF,ESF - EQUIPE DE SAUDE DA FAMILIA,0000154237,0312,0312,ALTO DO EUCALIPTO EQU.II 1/07,
,71,ESB,ESB - EQUIPE DE SAUDE BUCAL,0001802178,0002,0002,SBM1 ALTO DO EUCALIPTO EQ II,
,70,ESF,ESF - EQUIPE DE SAUDE DA FAMILIA,0002402475,0000,0000,EQUIPE 3,
,71,ESB,ESB - EQUIPE DE SAUDE BUCAL,0001757504,0001,0001,SBM1 SITIO DAS PALMEIRAS I,
,70,ESF,ESF - EQUIPE DE SAUDE DA FAMILIA,0000153893,0124,0124,SITIO DAS PALMEIRAS I,
,70,ESF,ESF - EQUIPE DE SAUDE DA FAMILIA,0000153907,0413,0413,SITIO DAS PALMEIRAS II,
,70,ESF,ESF - EQUIPE DE SAUDE DA FAMILIA,0000153923,0153,0153,CARANGUEIJO,
,71,ESB,ESB - EQUIPE DE SAUDE BUCAL,0002039060,0001,0001,SBM1 CARANGUEIJO,
,70,ESF,ESF - EQUIPE DE SAUDE DA FAMILIA,0000153915,0400,0400,CARANGUEIJO II,
,70,ESF,ESF - EQUIPE DE SAUDE DA FAMILIA,0002402297,0000,0000,EQUIPE 3,
,70,ESF,ESF - EQUIPE DE SAUDE DA FAMILIA,0002426757,0000,0000,CARANGUEIJO 4,
,70,ESF,ESF - EQUIPE DE SAUDE DA FAMILIA,0001710583,0442,0442,VILA ARRAES III,
,70,ESF,ESF - EQUIPE DE SAUDE DA FAMILIA,0000154180,0128,0128,VILA ARRAES II,
,71,ESB,ESB - EQUIPE DE SAUDE BUCAL,0002291614,0003,0003,SBM1 VILA ARRAES III,
,70,ESF,ESF - EQUIPE DE SAUDE DA FAMILIA,0000154172,0127,0127,VILA ARRAES I,
,71,ESB,ESB - EQUIPE DE SAUDE BUCAL,0001757881,0001,0001,SBM1 VILA ARRAES II,
,70,ESF,ESF - EQUIPE DE SAUDE DA FAMILIA,0002435748,0000,0000,VILA ARRAES VI,
,70,ESF,ESF - EQUIPE DE SAUDE DA FAMILIA,0002435756,0000,0000,VILA ARRAES VII,
,70,ESF,ESF - EQUIPE DE SAUDE DA FAMILIA,0002435764,0000,0000,VILA ARRAES VIII,
,70,ESF,ESF - EQUIPE DE SAUDE DA FAMILIA,0002405946,0000,0000,EQUIPE IV,
,71,ESB,ESB - EQUIPE DE SAUDE BUCAL,0002110997,0002,0002,SBM1 VILA ARRAES I,
,70,ESF,ESF - EQUIPE DE SAUDE DA FAMILIA,0002402572,0000,0000,EQUIPE 5,
,70,ESF,ESF - EQUIPE DE SAUDE DA FAMILIA,0000153281,0110,0110,VILA UNIAO / BARBALHO,
,70,ESF,ESF - EQUIPE DE SAUDE DA FAMILIA,0000153311,0112,0112,VILA UNIAO / SANTA MARTA,
,70,ESF,ESF - EQUIPE DE SAUDE DA FAMILIA,0000153338,0428,0428,VILA UNIAO,
,71,ESB,ESB - EQUIPE DE SAUDE BUCAL,0001887076,0002,0002,SBM2 VILA UNIAO AIRTON SENA,
,70,ESF,ESF - EQUIPE DE SAUDE DA FAMILIA,0000153303,0254,0254,VILA UNIAO / AIRTON SENA,
,71,ESB,ESB - EQUIPE DE SAUDE BUCAL,0001825542,0001,0001,SBM1 VILA UNIAO,
,70,ESF,ESF - EQUIPE DE SAUDE DA FAMILIA,0000153532,0012,0012,CORREGO DO CURIO,
,70,ESF,ESF - EQUIPE DE SAUDE DA FAMILIA,0000153931,0138,0138,ROSA SELVAGEM I,
,70,ESF,ESF - EQUIPE DE SAUDE DA FAMILIA,0000153958,0414,0414,ROSA SELVAGEM II,
,71,ESB,ESB - EQUIPE DE SAUDE BUCAL,0001758624,0001,0001,SBM1 ROSA SELVAGEM I,
,70,ESF,ESF - EQUIPE DE SAUDE DA FAMILIA,0002429527,0000,0000,SITIO SAO BRAZ II,
,70,ESF,ESF - EQUIPE DE SAUDE DA FAMILIA,0000154202,0096,0096,SITIO SAO BRAZ,
,71,ESB,ESB - EQUIPE DE SAUDE BUCAL,0001745166,0001,0001,SBM1 SITIO SAO BRAZ,
,70,ESF,ESF - EQUIPE DE SAUDE DA FAMILIA,0001555332,0324,0324,INC PACS-MARIO RAMOS,
,74,EAPP,EAPP - EQUIPE DE ATENCAO PRIMARIA PRISIONAL,0000156078,0001,0001,EAPP III - CPFR,
,74,EAPP,EAPP - EQUIPE DE ATENCAO PRIMARIA PRISIONAL,0002214741,0002,0002,ECP - CPFR,
,70,ESF,ESF - EQUIPE DE SAUDE DA FAMILIA,0000156027,0605,0605,PAZ E AMOR - EQUIPE II,
,70,ESF,ESF - EQUIPE DE SAUDE DA FAMILIA,0000156035,0604,0604,PAZ E AMOR - EQUIPE I,
,71,ESB,ESB - EQUIPE DE SAUDE BUCAL,0001840444,0002,0002,SBM1 PAZ E AMOR - EQUIPE II,
,71,ESB,ESB - EQUIPE DE SAUDE BUCAL,0001801368,0001,0001,SBM1 CORREGO JENIPAPO I,
,70,ESF,ESF - EQUIPE DE SAUDE DA FAMILIA,0001565826,0344,0344,EQUIPE III CORREGO DO JENIPAPO,
,70,ESF,ESF - EQUIPE DE SAUDE DA FAMILIA,0002400812,0000,0000,EQUIPE 4,
,70,ESF,ESF - EQUIPE DE SAUDE DA FAMILIA,0000156051,0302,0302,CORREGO JENIPAPO I,
,71,ESB,ESB - EQUIPE DE SAUDE BUCAL,0001801414,0002,0002,SBM1 CORREGO JENIPAPO II,
,72,EMULTI,EMULTI - EQUIPE MULTIPROFISSIONAL NA AT. PRIMARIA A SAUDE,0000153346,0001,0001,NASF DS VII EQUIPE 2,
,70,ESF,ESF - EQUIPE DE SAUDE DA FAMILIA,0000156043,0303,0303,CORREGO JENIPAPO II,
,71,ESB,ESB - EQUIPE DE SAUDE BUCAL,0002238241,0003,0003,SBM1 CORREGO DO JENIPAPO III,
,70,ESF,ESF - EQUIPE DE SAUDE DA FAMILIA,0000155985,0616,0616,PARQUE DO MILAGRE I,
,70,ESF,ESF - EQUIPE DE SAUDE DA FAMILIA,0000155977,0617,0617,PARQUE DO MILAGRE II,
,71,ESB,ESB - EQUIPE DE SAUDE BUCAL,0002272164,0001,0001,SBM1 PARQUE DO MILAGRE I,
,71,ESB,ESB - EQUIPE DE SAUDE BUCAL,0001889478,0002,0002,SBM2 DJALMA DE HOLANDA - III,
,70,ESF,ESF - EQUIPE DE SAUDE DA FAMILIA,0000155888,0666,0666,DJALMA DE HOLANDA - EQUIPE I,
,70,ESF,ESF - EQUIPE DE SAUDE DA FAMILIA,0000155918,0668,0668,DJALMA DE HOLANDA - EQUIPE III,
,70,ESF,ESF - EQUIPE DE SAUDE DA FAMILIA,0000155861,0602,0602,DJALMA DE HOLANDA - EQUIPE IV,
,71,ESB,ESB - EQUIPE DE SAUDE BUCAL,0001856626,0001,0001,SBM1 DJALMA DE HOLANDA EQ. I,
,70,ESF,ESF - EQUIPE DE SAUDE DA FAMILIA,0000155896,0667,0667,DJALMA DE HOLANDA - EQUIPE II,
,71,ESB,ESB - EQUIPE DE SAUDE BUCAL,0002130270,0003,0003,SBM1 EQP 3 CORREGO DO EUCLIDES,
,70,ESF,ESF - EQUIPE DE SAUDE DA FAMILIA,0001546112,0398,0398,EQUIPE 2 CORREGO DO EUCLIDES,
,70,ESF,ESF - EQUIPE DE SAUDE DA FAMILIA,0001556150,0325,0325,EQUIPE I CORREGO DO EUCLIDES,
,71,ESB,ESB - EQUIPE DE SAUDE BUCAL,0001745026,0001,0001,SBM1 CORREGO DO EUCLIDES,
,71,ESB,ESB - EQUIPE DE SAUDE BUCAL,0001824848,0002,0002,SBM1 EQP 2 CORREGO DO EUCLIDES,
,70,ESF,ESF - EQUIPE DE SAUDE DA FAMILIA,0002426188,0000,0000,EQUIPE 4 CORREGO DO EUCLIDES,
,70,ESF,ESF - EQUIPE DE SAUDE DA FAMILIA,0000155330,0075,0075,CORREGO DO EUCLIDES III,
,70,ESF,ESF - EQUIPE DE SAUDE DA FAMILIA,0000155314,0524,0524,MUSTARDINHA II,
,70,ESF,ESF - EQUIPE DE SAUDE DA FAMILIA,0002399806,0000,0000,MUSTARDINHA IV,
,70,ESF,ESF - EQUIPE DE SAUDE DA FAMILIA,0000155322,0523,0523,MUSTARDINHA I,
,70,ESF,ESF - EQUIPE DE SAUDE DA FAMILIA,0002399792,0000,0000,MUSTARDINHA III,
,70,ESF,ESF - EQUIPE DE SAUDE DA FAMILIA,0000155195,0646,0646,COQUEIRAL/IMBIRIBEIRA - 2,
,70,ESF,ESF - EQUIPE DE SAUDE DA FAMILIA,0000155209,0645,0645,COQUEIRAL/IMBIRIBEIRA - 1,
,70,ESF,ESF - EQUIPE DE SAUDE DA FAMILIA,0000152862,0651,0651,SITIO GRANDE - 3,
,70,ESF,ESF - EQUIPE DE SAUDE DA FAMILIA,0000152846,0108,0108,SITIO GRANDE - 1,
,70,ESF,ESF - EQUIPE DE SAUDE DA FAMILIA,0000152854,0223,0223,SITIO GRANDE 2,
,71,ESB,ESB - EQUIPE DE SAUDE BUCAL,0001794833,0001,0001,SBM1 SITIO GRANDE 2,
,70,ESF,ESF - EQUIPE DE SAUDE DA FAMILIA,0002429128,0000,0000,SITIO GRANDE - 4,
,71,ESB,ESB - EQUIPE DE SAUDE BUCAL,0001847414,0002,0002,SBM1 SITIO GRANDE - 3,
,70,ESF,ESF - EQUIPE DE SAUDE DA FAMILIA,0000153001,0620,0620,INC PACS TIJOLOS / JOCA,
,70,ESF,ESF - EQUIPE DE SAUDE DA FAMILIA,0002400669,0000,0000,ROMILDO GOMES EQUIPE I,
,70,ESF,ESF - EQUIPE DE SAUDE DA FAMILIA,0000154431,0095,0095,SITIO DOS PINTOS,
,71,ESB,ESB - EQUIPE DE SAUDE BUCAL,0001745123,0001,0001,SBM1 SITIO DOS PINTOS,
,70,ESF,ESF - EQUIPE DE SAUDE DA FAMILIA,0002400146,0000,0000,SITIO DOS PINTOS 2,
,70,ESF,ESF - EQUIPE DE SAUDE DA FAMILIA,0000153494,0002,0002,PACS BOA VISTA DS 1 EQ1,
,71,ESB,ESB - EQUIPE DE SAUDE BUCAL,0002272156,0001,0001,SBM1 UR 12,
,70,ESF,ESF - EQUIPE DE SAUDE DA FAMILIA,0000154105,0611,0611,UR-12/05 EQUIPE 2,
,70,ESF,ESF - EQUIPE DE SAUDE DA FAMILIA,0000154113,0218,0218,UR 12/05 I,
,70,ESF,ESF - EQUIPE DE SAUDE DA FAMILIA,0000154121,0122,0122,ENGENHO DO MEIO EQUIPE I,
,71,ESB,ESB - EQUIPE DE SAUDE BUCAL,0001975560,0002,0002,SBM1 ENG DO MEIO EQP I,
,70,ESF,ESF - EQUIPE DE SAUDE DA FAMILIA,0000154148,0420,0420,ENGENHO DO MEIO EQ. II,
,71,ESB,ESB - EQUIPE DE SAUDE BUCAL,0001825399,0001,0001,SBM1 ENGENHO DO MEIO EQ. II,
,70,ESF,ESF - EQUIPE DE SAUDE DA FAMILIA,0002402386,0000,0000,EQUIPE 4,
,70,ESF,ESF - EQUIPE DE SAUDE DA FAMILIA,0002402408,0000,0000,EQUIPE 3,
,70,ESF,ESF - EQUIPE DE SAUDE DA FAMILIA,0002400138,0000,0000,CORREGO DA FORTUNA 2,
,70,ESF,ESF - EQUIPE DE SAUDE DA FAMILIA,0000154210,0092,0092,CORREGO DA FORTUNA / SAPUCAIA,
,71,ESB,ESB - EQUIPE DE SAUDE BUCAL,0001745069,0001,0001,SBM1 CORREGO DA FORTUNA SAPUCA,
,71,ESB,ESB - EQUIPE DE SAUDE BUCAL,0001791389,0001,0001,SBM1 MANGUEIRA A-1,
,70,ESF,ESF - EQUIPE DE SAUDE DA FAMILIA,0000154261,0173,0173,MANGUEIRA A-1,
,70,ESF,ESF - EQUIPE DE SAUDE DA FAMILIA,0000154288,0509,0509,MANGUEIRA B-I,
,70,ESF,ESF - EQUIPE DE SAUDE DA FAMILIA,0000153524,0068,0068,POCO DA PANELA,
,71,ESB,ESB - EQUIPE DE SAUDE BUCAL,0002269236,0001,0001,SBM1 USF POCO DA PANELA,
,70,ESF,ESF - EQUIPE DE SAUDE DA FAMILIA,0000153745,0069,0069,SANTANA,
,72,EMULTI,EMULTI - EQUIPE MULTIPROFISSIONAL NA AT. PRIMARIA A SAUDE,0000152382,0001,0001,NASF DS III - EQUIPE 1,
,70,ESF,ESF - EQUIPE DE SAUDE DA FAMILIA,0002421038,0000,0000,POCO DA PANELA 2,
,71,ESB,ESB - EQUIPE DE SAUDE BUCAL,0001744062,0001,0001,SBM1 SANTANA,
,70,ESF,ESF - EQUIPE DE SAUDE DA FAMILIA,0002400111,0000,0000,SANTANA 2,
,70,ESF,ESF - EQUIPE DE SAUDE DA FAMILIA,0000153664,0033,0033,FRANCISCO AREIAS I,
,71,ESB,ESB - EQUIPE DE SAUDE BUCAL,0001728113,0001,0001,SBM1 FRANCISCO AREIAS I,
,70,ESF,ESF - EQUIPE DE SAUDE DA FAMILIA,0000153672,0037,0037,FRANCISCO AREIAS II,
,74,EAPP,EAPP - EQUIPE DE ATENCAO PRIMARIA PRISIONAL,0001596950,0001,0001,EAP - SES PE,
,74,EAPP,EAPP - EQUIPE DE ATENCAO PRIMARIA PRISIONAL,0001657984,0003,0003,EAP - SES PE 3,
,74,EAPP,EAPP - EQUIPE DE ATENCAO PRIMARIA PRISIONAL,0001655116,0002,0002,EAP - SES PE 2,
,70,ESF,ESF - EQUIPE DE SAUDE DA FAMILIA,0000155969,0612,0612,ALTO DA JAQUEIRA II,
,71,ESB,ESB - EQUIPE DE SAUDE BUCAL,0001838547,0001,0001,SBM1 ALTO DA JAQUEIRA I,
,70,ESF,ESF - EQUIPE DE SAUDE DA FAMILIA,0000155950,0600,0600,ALTO DA JAQUEIRA I,
,70,ESF,ESF - EQUIPE DE SAUDE DA FAMILIA,0000154911,0043,0043,ALTO COQUEIROS,
,71,ESB,ESB - EQUIPE DE SAUDE BUCAL,0001773623,0001,0001,SBM2 ALTO COQUEIROS,
,70,ESF,ESF - EQUIPE DE SAUDE DA FAMILIA,0000154903,0269,0269,ALTOS DOS COQUEIROS II,
,70,ESF,ESF - EQUIPE DE SAUDE DA FAMILIA,0000155624,0632,0632,TRES CARNEIROS B/Z.PACHECO - 1,
,71,ESB,ESB - EQUIPE DE SAUDE BUCAL,0001847651,0001,0001,SBM1 TRES CARN/ Z PACHECO 2,
,70,ESF,ESF - EQUIPE DE SAUDE DA FAMILIA,0000155616,0664,0664,TRES CARNEIROS B/Z.PACHECO - 3,
,70,ESF,ESF - EQUIPE DE SAUDE DA FAMILIA,0000155632,0652,0652,TRES CARNEIROS B/Z.PACHECO - 2,
,71,ESB,ESB - EQUIPE DE SAUDE BUCAL,0001888625,0002,0002,SBM2 SANTA LUZIA I,
,70,ESF,ESF - EQUIPE DE SAUDE DA FAMILIA,0002436965,0000,0000,EQ SANTA LUZIA VI,
,70,ESF,ESF - EQUIPE DE SAUDE DA FAMILIA,0000155411,0431,0431,SANTA LUZIA I,
,71,ESB,ESB - EQUIPE DE SAUDE BUCAL,0001833197,0001,0001,SBM1 CORDEIRO II,
,70,ESF,ESF - EQUIPE DE SAUDE DA FAMILIA,0002435799,0000,0000,SANTA LUZIA V,
,71,ESB,ESB - EQUIPE DE SAUDE BUCAL,0002291673,0003,0003,SBM1 SANTA LUZIA III,
,70,ESF,ESF - EQUIPE DE SAUDE DA FAMILIA,0000155381,0432,0432,SANTA LUZIA II,
,70,ESF,ESF - EQUIPE DE SAUDE DA FAMILIA,0002435780,0000,0000,SANTA LUZIA IV,
,70,ESF,ESF - EQUIPE DE SAUDE DA FAMILIA,0000155403,0433,0433,CORDEIRO II,
,70,ESF,ESF - EQUIPE DE SAUDE DA FAMILIA,0000152897,0160,0160,CHICO MENDES,
,71,ESB,ESB - EQUIPE DE SAUDE BUCAL,0001773674,0001,0001,SBM2 CHICO MENDES,
,72,EMULTI,EMULTI - EQUIPE MULTIPROFISSIONAL NA AT. PRIMARIA A SAUDE,0000152870,0001,0001,NASF DS V - EQUIPE 2,
,70,ESF,ESF - EQUIPE DE SAUDE DA FAMILIA,0000152889,0161,0161,XIMBORE,
,70,ESF,ESF - EQUIPE DE SAUDE DA FAMILIA,0000152455,0183,0183,PACS ILHA DO DESTINO,
,70,ESF,ESF - EQUIPE DE SAUDE DA FAMILIA,0000152447,0670,0670,PACS DO PINA II,
,71,ESB,ESB - EQUIPE DE SAUDE BUCAL,0001861298,0001,0001,SBM2 MANGUEIRA A II,
,70,ESF,ESF - EQUIPE DE SAUDE DA FAMILIA,0000154296,0511,0511,MANGUEIRA B-II,
,70,ESF,ESF - EQUIPE DE SAUDE DA FAMILIA,0000154318,0510,0510,MANGUEIRA A-II,
,70,ESF,ESF - EQUIPE DE SAUDE DA FAMILIA,0000154474,0289,0289,BIANOR TEODOSIO II,
,71,ESB,ESB - EQUIPE DE SAUDE BUCAL,0001887386,0001,0001,SBM2 BIANOR TEODOSIO I,
,70,ESF,ESF - EQUIPE DE SAUDE DA FAMILIA,0000154466,0032,0032,BIANOR TEODOSIO I,
,70,ESF,ESF - EQUIPE DE SAUDE DA FAMILIA,0002400448,0000,0000,BIANOR TEODOSIO III,
,71,ESB,ESB - EQUIPE DE SAUDE BUCAL,0002039079,0001,0001,VILA DOS MILAGRES - 1,
,70,ESF,ESF - EQUIPE DE SAUDE DA FAMILIA,0000154628,0629,0629,VILA DOS MILAGRES - 1,
,70,ESF,ESF - EQUIPE DE SAUDE DA FAMILIA,0000153877,0151,0151,RODA DE FOGO - SINOS I,
,71,ESB,ESB - EQUIPE DE SAUDE BUCAL,0001791362,0001,0001,SBM1 RODA DE FOGO - SINOS I,
,70,ESF,ESF - EQUIPE DE SAUDE DA FAMILIA,0000153176,0111,0111,COQUE III,
,70,ESF,ESF - EQUIPE DE SAUDE DA FAMILIA,0001555553,0113,0113,COQUE IV,
,71,ESB,ESB - EQUIPE DE SAUDE BUCAL,0001773291,0002,0002,SBM2 COQUE I,
,70,ESF,ESF - EQUIPE DE SAUDE DA FAMILIA,0000153168,0008,0008,COQUE I,
,70,ESF,ESF - EQUIPE DE SAUDE DA FAMILIA,0000153184,0009,0009,COQUE II,
,71,ESB,ESB - EQUIPE DE SAUDE BUCAL,0001727001,0001,0001,SBM1 COQUE II,
,71,ESB,ESB - EQUIPE DE SAUDE BUCAL,0001756648,0001,0001,SBM1 DANCING DAYS,
,70,ESF,ESF - EQUIPE DE SAUDE DA FAMILIA,0000153427,0107,0107,DANCING DAYS,
,70,ESF,ESF - EQUIPE DE SAUDE DA FAMILIA,0002400650,0000,0000,DANCING DAYS EQUIPE II,
,70,ESF,ESF - EQUIPE DE SAUDE DA FAMILIA,0000154032,0193,0193,UR 04/05 II,
,70,ESF,ESF - EQUIPE DE SAUDE DA FAMILIA,0000154040,0213,0213,UR 04/05 III,
,70,ESF,ESF - EQUIPE DE SAUDE DA FAMILIA,0002399245,0000,0000,UR 0405 IV,
,71,ESB,ESB - EQUIPE DE SAUDE BUCAL,0001773720,0001,0001,SBM2 UR 04 05 II,
,70,ESF,ESF - EQUIPE DE SAUDE DA FAMILIA,0000154016,0610,0610,UR 04/05 - 1,
,72,EMULTI,EMULTI - EQUIPE MULTIPROFISSIONAL NA AT. PRIMARIA A SAUDE,0000154024,0001,0001,NASF DS VIII - EQUIPE 4,
,70,ESF,ESF - EQUIPE DE SAUDE DA FAMILIA,0002399261,0000,0000,UR 0405 VI,
,71,ESB,ESB - EQUIPE DE SAUDE BUCAL,0002425726,0000,0000,SBM1 UR 04/05 V,
,71,ESB,ESB - EQUIPE DE SAUDE BUCAL,0002425750,0000,0000,SBM1 UR 04/05 VI,
,71,ESB,ESB - EQUIPE DE SAUDE BUCAL,0002272172,0003,0003,SBM1 UR 04 05 I,
,70,ESF,ESF - EQUIPE DE SAUDE DA FAMILIA,0002399253,0000,0000,UR 0405 V,
,71,ESB,ESB - EQUIPE DE SAUDE BUCAL,0002400693,0000,0000,SBM1 UR 0405 IV,
,71,ESB,ESB - EQUIPE DE SAUDE BUCAL,0001794345,0002,0002,SBM1 UR 04/05 III,
,70,ESF,ESF - EQUIPE DE SAUDE DA FAMILIA,0000153435,0047,0047,SITIOS DOS MACACOS,
,71,ESB,ESB - EQUIPE DE SAUDE BUCAL,0001736809,0001,0001,SBM1 SITIO DOS MACACOS,
,71,ESB,ESB - EQUIPE DE SAUDE BUCAL,0001727389,0001,0001,SBM1 ILHA DE DEUS,
,70,ESF,ESF - EQUIPE DE SAUDE DA FAMILIA,0000153443,0010,0010,ILHA DE DEUS,
,70,ESF,ESF - EQUIPE DE SAUDE DA FAMILIA,0002417170,0000,0000,JOSE SEVERIANO VI,
,70,ESF,ESF - EQUIPE DE SAUDE DA FAMILIA,0000154253,0041,0041,JOSE SEVERIANO II,
,71,ESB,ESB - EQUIPE DE SAUDE BUCAL,0002301857,0002,0002,SBM1 JOSE SEVERIANO II,
,70,ESF,ESF - EQUIPE DE SAUDE DA FAMILIA,0002402270,0000,0000,JOSE SEVERIANO IV,
,70,ESF,ESF - EQUIPE DE SAUDE DA FAMILIA,0000154245,0261,0261,JOSE SEVERIANO I,
,71,ESB,ESB - EQUIPE DE SAUDE BUCAL,0002301873,0003,0003,SBM1 JOSE SEVERIANO III,
,71,ESB,ESB - EQUIPE DE SAUDE BUCAL,0001801104,0001,0001,SBM1 JOSE SEVERIANO I,
,70,ESF,ESF - EQUIPE DE SAUDE DA FAMILIA,0000152587,0210,0210,JOSE SEVERIANO III,
,70,ESF,ESF - EQUIPE DE SAUDE DA FAMILIA,0002417154,0000,0000,JOSE SEVERIANO V,
,71,ESB,ESB - EQUIPE DE SAUDE BUCAL,0001789678,0001,0001,SBM1 UR X VILA 27 DE ABRIL,
,70,ESF,ESF - EQUIPE DE SAUDE DA FAMILIA,0000154067,0260,0260,UR-10 - 2,
,71,ESB,ESB - EQUIPE DE SAUDE BUCAL,0002400731,0000,0000,SBM1 UR 10 - EQUIPE 2,
,70,ESF,ESF - EQUIPE DE SAUDE DA FAMILIA,0000154059,0204,0204,UR X - VILA 27 DE ABRIL,
,70,ESF,ESF - EQUIPE DE SAUDE DA FAMILIA,0000155942,0505,0505,PLANETA DOS MACACOS I,
,70,ESF,ESF - EQUIPE DE SAUDE DA FAMILIA,0002399822,0000,0000,PLANETA DOS MACACOS I B,
,70,ESF,ESF - EQUIPE DE SAUDE DA FAMILIA,0000155721,0105,0105,UNIAO DAS VILAS 1,
,71,ESB,ESB - EQUIPE DE SAUDE BUCAL,0001756028,0001,0001,SBM1 UNIAO DAS VILAS,
,70,ESF,ESF - EQUIPE DE SAUDE DA FAMILIA,0002414066,0000,0000,UNIAO DAS VILAS 3,
,70,ESF,ESF - EQUIPE DE SAUDE DA FAMILIA,0002414074,0000,0000,UNIAO DA VILAS 2,
,70,ESF,ESF - EQUIPE DE SAUDE DA FAMILIA,0002421011,0000,0000,UNIAO DAS VILAS 4,
,70,ESF,ESF - EQUIPE DE SAUDE DA FAMILIA,0002399741,0000,0000,JIQUIA III,
,71,ESB,ESB - EQUIPE DE SAUDE BUCAL,0002399768,0000,0000,SBM1 JIQUIA III,
,70,ESF,ESF - EQUIPE DE SAUDE DA FAMILIA,0000155926,0532,0532,JIQUIA II,
,71,ESB,ESB - EQUIPE DE SAUDE BUCAL,0002426285,0000,0000,SBM1 JIQUIA II,
,70,ESF,ESF - EQUIPE DE SAUDE DA FAMILIA,0000155934,0531,0531,JIQUIA I,
,71,ESB,ESB - EQUIPE DE SAUDE BUCAL,0001833561,0001,0001,SBM1 JIQUIA I,
,70,ESF,ESF - EQUIPE DE SAUDE DA FAMILIA,0002417839,0000,0000,EDUARDO CAMPOS V,
,70,ESF,ESF - EQUIPE DE SAUDE DA FAMILIA,0001601849,0238,0238,EDUARDO CAMPOS II,
,70,ESF,ESF - EQUIPE DE SAUDE DA FAMILIA,0001601571,0237,0237,EDUARDO CAMPOS I,
,71,ESB,ESB - EQUIPE DE SAUDE BUCAL,0001798901,0002,0002,SBM1 EDUARDO CAMPOS I,
,71,ESB,ESB - EQUIPE DE SAUDE BUCAL,0001799045,0003,0003,SBM1 EDUARDO CAMPOS II,
,71,ESB,ESB - EQUIPE DE SAUDE BUCAL,0002348721,0004,0004,SBM1 EDUARDO CAMPOS IV,
,70,ESF,ESF - EQUIPE DE SAUDE DA FAMILIA,0002344122,0272,0272,EDUARDO CAMPOS IV,
,70,ESF,ESF - EQUIPE DE SAUDE DA FAMILIA,0002417855,0000,0000,EDUARDO CAMPOS VI,
,70,ESF,ESF - EQUIPE DE SAUDE DA FAMILIA,0001601873,0239,0239,EDUARDO CAMPOS III,
,72,EMULTI,EMULTI - EQUIPE MULTIPROFISSIONAL NA AT. PRIMARIA A SAUDE,0000152749,0001,0001,NASF DS II - EQUIPE 2,
,71,ESB,ESB - EQUIPE DE SAUDE BUCAL,0001799126,0001,0001,SBM1 EDUARDO CAMPOS III,
,70,ESF,ESF - EQUIPE DE SAUDE DA FAMILIA,0000154970,0516,0516,BEIRINHA,
,70,ESF,ESF - EQUIPE DE SAUDE DA FAMILIA,0000154989,0515,0515,VILA TAMANDARE,
,71,ESB,ESB - EQUIPE DE SAUDE BUCAL,0001833448,0001,0001,SBM1 VILA TAMANDARE BEIRINHAI,
,70,ESF,ESF - EQUIPE DE SAUDE DA FAMILIA,0000154962,0637,0637,VILA DO IPSEP - 1,
,71,ESB,ESB - EQUIPE DE SAUDE BUCAL,0001846590,0002,0002,SBM1 VILA DO IPSEP - 2,
,70,ESF,ESF - EQUIPE DE SAUDE DA FAMILIA,0002400634,0000,0000,VILA DO IPSEP - 3,
,70,ESF,ESF - EQUIPE DE SAUDE DA FAMILIA,0002401258,0000,0000,VILA DO IPSEP - 4,
,70,ESF,ESF - EQUIPE DE SAUDE DA FAMILIA,0000154954,0638,0638,VILA DO IPSEP - 2,
,71,ESB,ESB - EQUIPE DE SAUDE BUCAL,0001846264,0001,0001,SBM1 VILA DO IPSEP - 1,
,71,ESB,ESB - EQUIPE DE SAUDE BUCAL,0001847805,0001,0001,SBM1 VILA DO SESI - 2,
,71,ESB,ESB - EQUIPE DE SAUDE BUCAL,0002400766,0000,0000,SBM1 VILA DO SESI - 3,
,70,ESF,ESF - EQUIPE DE SAUDE DA FAMILIA,0000155454,0656,0656,VILA DO SESI - 3,
,71,ESB,ESB - EQUIPE DE SAUDE BUCAL,0001847988,0002,0002,SBM1 VILA DO SESI - 4,
,70,ESF,ESF - EQUIPE DE SAUDE DA FAMILIA,0000155470,0655,0655,VILA DO SESI - 2,
,71,ESB,ESB - EQUIPE DE SAUDE BUCAL,0002405784,0000,0000,SBM1 VILA DO SESI - 1,
,70,ESF,ESF - EQUIPE DE SAUDE DA FAMILIA,0000155462,0654,0654,VILA DO SESI - 1,
,70,ESF,ESF - EQUIPE DE SAUDE DA FAMILIA,0002399318,0000,0000,VILA DO SESI - 4,
,70,ESF,ESF - EQUIPE DE SAUDE DA FAMILIA,0001557866,0329,0329,INC PACS DS III EQUIPE 5.1,
,76,EAP,EAP - EQUIPE DE ATENCAO PRIMARIA,0002334062,0347,0347,EAP FRANCISCO PIGNATARI,
,70,ESF,ESF - EQUIPE DE SAUDE DA FAMILIA,0000153044,0331,0331,EQUIPE V,
,70,ESF,ESF - EQUIPE DE SAUDE DA FAMILIA,0001557718,0326,0326,INC PACS DS III EQUIPE 5.2,
,70,ESF,ESF - EQUIPE DE SAUDE DA FAMILIA,0000152595,0208,0208,SITIO DO ROSARIO,
,70,ESF,ESF - EQUIPE DE SAUDE DA FAMILIA,0002400324,0000,0000,BEBERIBE IV,
,70,ESF,ESF - EQUIPE DE SAUDE DA FAMILIA,0000152609,0217,0217,BEBERIBE II,
,70,ESF,ESF - EQUIPE DE SAUDE DA FAMILIA,0000152617,0298,0298,BEBERIBE I,
,71,ESB,ESB - EQUIPE DE SAUDE BUCAL,0001887483,0001,0001,SBM2 BEBERIBE I,
,70,ESF,ESF - EQUIPE DE SAUDE DA FAMILIA,0002400316,0000,0000,BEBERIBE III,
,71,ESB,ESB - EQUIPE DE SAUDE BUCAL,0001802275,0001,0001,SBM1 MORRO DA CONCEICAO I,
,70,ESF,ESF - EQUIPE DE SAUDE DA FAMILIA,0000154849,0323,0323,MORRO DA CONCEICAO II,
,70,ESF,ESF - EQUIPE DE SAUDE DA FAMILIA,0000154830,0322,0322,MORRO DA CONCEICAO I,
,71,ESB,ESB - EQUIPE DE SAUDE BUCAL,0001789880,0001,0001,SBM1 TIA REGINA I,
,70,ESF,ESF - EQUIPE DE SAUDE DA FAMILIA,0000154504,0262,0262,TIA REGINA III,
,70,ESF,ESF - EQUIPE DE SAUDE DA FAMILIA,0000154512,0031,0031,TIA REGINA II,
,70,ESF,ESF - EQUIPE DE SAUDE DA FAMILIA,0000154490,0264,0264,TIA REGINA I,
,71,ESB,ESB - EQUIPE DE SAUDE BUCAL,0001773321,0002,0002,SBM1 TIA REGINA II,
,71,ESB,ESB - EQUIPE DE SAUDE BUCAL,0002400707,0000,0000,SBM1 VILA DAS AEROMOCAS 3,
,71,ESB,ESB - EQUIPE DE SAUDE BUCAL,0002272210,0002,0002,SBM1 VILA DAS AEROMOCAS 1,
,70,ESF,ESF - EQUIPE DE SAUDE DA FAMILIA,0000154644,0631,0631,VILA DAS AEROMOCAS - 2,
,70,ESF,ESF - EQUIPE DE SAUDE DA FAMILIA,0002399288,0000,0000,VILA DAS AEROMOCAS 3,
,70,ESF,ESF - EQUIPE DE SAUDE DA FAMILIA,0002399296,0000,0000,VILA DAS AEROMOCAS 4,
,71,ESB,ESB - EQUIPE DE SAUDE BUCAL,0002400715,0000,0000,SBM1 VILA DAS AEROMOCAS 4,
,70,ESF,ESF - EQUIPE DE SAUDE DA FAMILIA,0000154652,0215,0215,VILA DAS AEROMOCAS I,
,71,ESB,ESB - EQUIPE DE SAUDE BUCAL,0001845764,0001,0001,SBM1 VILA DAS AEROMOCAS 2,
,70,ESF,ESF - EQUIPE DE SAUDE DA FAMILIA,0000154385,0627,0627,MONTE VERDE - 1,
,71,ESB,ESB - EQUIPE DE SAUDE BUCAL,0002407469,0000,0000,SBM1 MONTE VERDE-1,
,71,ESB,ESB - EQUIPE DE SAUDE BUCAL,0001889281,0001,0001,SBM2 MONTE VERDE - 2,
,70,ESF,ESF - EQUIPE DE SAUDE DA FAMILIA,0000154393,0628,0628,MONTE VERDE - 2,
,70,ESF,ESF - EQUIPE DE SAUDE DA FAMILIA,0000154423,0060,0060,BOLA NA REDE II,
,71,ESB,ESB - EQUIPE DE SAUDE BUCAL,0001743929,0001,0001,SBM1 BOLA NA REDE II,
,70,ESF,ESF - EQUIPE DE SAUDE DA FAMILIA,0000154415,0311,0311,BOLA NA REDE I,
,70,ESF,ESF - EQUIPE DE SAUDE DA FAMILIA,0000154008,0506,0506,PLANETA DOS MACACOS II A,
,71,ESB,ESB - EQUIPE DE SAUDE BUCAL,0002399849,0000,0000,SBM1 PLANETA DOS MACACOS II B,
,71,ESB,ESB - EQUIPE DE SAUDE BUCAL,0001833243,0001,0001,SBM1 PLANETA DOS MACACOS II A,
,70,ESF,ESF - EQUIPE DE SAUDE DA FAMILIA,0002399830,0000,0000,PLANETA DOS MACACOS II B,
,71,ESB,ESB - EQUIPE DE SAUDE BUCAL,0001886681,0001,0001,SBM2 SANTO AMARO I,
,70,ESF,ESF - EQUIPE DE SAUDE DA FAMILIA,0000153613,0229,0229,SANTO AMARO II - EQUIPE II,
,70,ESF,ESF - EQUIPE DE SAUDE DA FAMILIA,0000153605,0228,0228,SANTO AMARO II - EQUIPE I,
,70,ESF,ESF - EQUIPE DE SAUDE DA FAMILIA,0002401320,0000,0000,SANTO AMARO II EQUIPE III,
,70,ESF,ESF - EQUIPE DE SAUDE DA FAMILIA,0000153265,0024,0024,ALTO DO CEU I,
,70,ESF,ESF - EQUIPE DE SAUDE DA FAMILIA,0000153273,0025,0025,ALTO DO CEU II,
,70,ESF,ESF - EQUIPE DE SAUDE DA FAMILIA,0000153214,0065,0065,INC PACS - MARIO MONTEIRO 3.1,
,70,ESF,ESF - EQUIPE DE SAUDE DA FAMILIA,0000153192,0320,0320,INC PACS - MARIO MONTEIRO 3.3,
,70,ESF,ESF - EQUIPE DE SAUDE DA FAMILIA,0000153206,0318,0318,INC PACS - MARIO MONTEIRO 3.2,
,70,ESF,ESF - EQUIPE DE SAUDE DA FAMILIA,0000153788,0114,0114,SKYLAB II,
,71,ESB,ESB - EQUIPE DE SAUDE BUCAL,0001799401,0001,0001,SBM1 SKYLAB I,
,70,ESF,ESF - EQUIPE DE SAUDE DA FAMILIA,0000153796,0255,0255,SKYLAB I,
,70,ESF,ESF - EQUIPE DE SAUDE DA FAMILIA,0002402300,0000,0000,EQUIPE 4,
,70,ESF,ESF - EQUIPE DE SAUDE DA FAMILIA,0000153818,0430,0430,ABENCOADA POR DEUS,
,71,ESB,ESB - EQUIPE DE SAUDE BUCAL,0001833154,0002,0002,SBM1 ABENCOADA POR DEUS,
,70,ESF,ESF - EQUIPE DE SAUDE DA FAMILIA,0000153540,0226,0226,SANTA TERESINHA II,
,70,ESF,ESF - EQUIPE DE SAUDE DA FAMILIA,0000153559,0006,0006,SANTA TEREZINHA I,
,71,ESB,ESB - EQUIPE DE SAUDE BUCAL,0001795066,0001,0001,SBM1 SANTA TERESINHA II,
,70,ESF,ESF - EQUIPE DE SAUDE DA FAMILIA,0002401290,0000,0000,SANTA TEREZINHA III,
,71,ESB,ESB - EQUIPE DE SAUDE BUCAL,0001795651,0001,0001,SBM1 FERNANDA WANDERLEY I,
,71,ESB,ESB - EQUIPE DE SAUDE BUCAL,0001798588,0002,0002,SBM1 FERNANDA WANDERLEY III,
,71,ESB,ESB - EQUIPE DE SAUDE BUCAL,0001798693,0003,0003,SBM1 FERNANDA WANDERLEY II,
,70,ESF,ESF - EQUIPE DE SAUDE DA FAMILIA,0002343908,0271,0271,FERNANDA WANDERLEY IV,
,70,ESF,ESF - EQUIPE DE SAUDE DA FAMILIA,0001554891,0236,0236,FERNANDA WANDERLEY II,
,70,ESF,ESF - EQUIPE DE SAUDE DA FAMILIA,0001557769,0234,0234,FERNANDA WANDERLEY I,
,70,ESF,ESF - EQUIPE DE SAUDE DA FAMILIA,0001539663,0235,0235,FERNANDA WANDERLEY III,
,71,ESB,ESB - EQUIPE DE SAUDE BUCAL,0002348748,0004,0004,SBM1 FERNANDA WANDERLEY IV,
,70,ESF,ESF - EQUIPE DE SAUDE DA FAMILIA,0002417081,0000,0000,FERNANDA WANDERLEY VIII,
,70,ESF,ESF - EQUIPE DE SAUDE DA FAMILIA,0002417049,0000,0000,FERNANDA WANDERLEY V,
,70,ESF,ESF - EQUIPE DE SAUDE DA FAMILIA,0002417057,0000,0000,FERNANDA WANDERLEY VI,
,72,EMULTI,EMULTI - EQUIPE MULTIPROFISSIONAL NA AT. PRIMARIA A SAUDE,0000154482,0001,0001,NASF DS II - EQUIPE 3,
,70,ESF,ESF - EQUIPE DE SAUDE DA FAMILIA,0002417065,0000,0000,FERNANDA WANDERLEY VII,
,71,ESB,ESB - EQUIPE DE SAUDE BUCAL,0002314088,0002,0002,SBM1 POVO DE DEUS II,
,70,ESF,ESF - EQUIPE DE SAUDE DA FAMILIA,0000155012,0517,0517,SAN MARTIN/POVO DE DEUS I,
,70,ESF,ESF - EQUIPE DE SAUDE DA FAMILIA,0000155020,0518,0518,SAN MARTIN/POVO DE DEUS II,
,71,ESB,ESB - EQUIPE DE SAUDE BUCAL,0002314096,0003,0003,SBM1 POVO DE DEUS III,
,71,ESB,ESB - EQUIPE DE SAUDE BUCAL,0001888994,0001,0001,SBM1 POVO DE DEUS I,
,70,ESF,ESF - EQUIPE DE SAUDE DA FAMILIA,0002399776,0000,0000,SAN MARTIM POVO DE DEUS IV,
,70,ESF,ESF - EQUIPE DE SAUDE DA FAMILIA,0000155004,0519,0519,SAN MARTIN/POVO DE DEUS III,
,71,ESB,ESB - EQUIPE DE SAUDE BUCAL,0002399784,0000,0000,SBM1 POVO DE DEUS IV,
,70,ESF,ESF - EQUIPE DE SAUDE DA FAMILIA,0000155594,0205,0205,ALTO DO MARACANA II,
,71,ESB,ESB - EQUIPE DE SAUDE BUCAL,0001793993,0001,0001,SBM1 ALTO DO MARACANA I,
,70,ESF,ESF - EQUIPE DE SAUDE DA FAMILIA,0000155608,0203,0203,ALTO DO MARACANA I,
,71,ESB,ESB - EQUIPE DE SAUDE BUCAL,0002113597,0001,0001,SBM1 ALTO DA BELA VISTA,
,70,ESF,ESF - EQUIPE DE SAUDE DA FAMILIA,0000155373,0653,0653,ALTO DA BELA VISTA,
,70,ESF,ESF - EQUIPE DE SAUDE DA FAMILIA,0000154938,0330,0330,MANGABEIRA I,
,70,ESF,ESF - EQUIPE DE SAUDE DA FAMILIA,0000154946,0339,0339,MANGABEIRA II,
,71,ESB,ESB - EQUIPE DE SAUDE BUCAL,0001816748,0002,0002,SBM1 MANGABEIRA II,
,71,ESB,ESB - EQUIPE DE SAUDE BUCAL,0001801325,0001,0001,SBM1 BRUNO MAIA - I,
,70,ESF,ESF - EQUIPE DE SAUDE DA FAMILIA,0000152935,0304,0304,BRUNO MAIA - II,
,70,ESF,ESF - EQUIPE DE SAUDE DA FAMILIA,0000152900,0300,0300,BRUNO MAIA - I,
,70,ESF,ESF - EQUIPE DE SAUDE DA FAMILIA,0000152919,0058,0058,INC PACS DS III 6.1,
,70,ESF,ESF - EQUIPE DE SAUDE DA FAMILIA,0000152927,0305,0305,BRUNO MAIA - III,
,70,ESF,ESF - EQUIPE DE SAUDE DA FAMILIA,0001557858,0328,0328,INC PACS DS III 6.3,
,70,ESF,ESF - EQUIPE DE SAUDE DA FAMILIA,0001559095,0343,0343,INC PACS 6.2 DS III,
,71,ESB,ESB - EQUIPE DE SAUDE BUCAL,0001887629,0002,0002,SBM2 BRUNO MAIA - II,
,71,ESB,ESB - EQUIPE DE SAUDE BUCAL,0002268159,0003,0003,SBM1 BRUNO MAIA - III,
,70,ESF,ESF - EQUIPE DE SAUDE DA FAMILIA,0000152501,0503,0503,EACS MUSTARDINHA I,
,70,ESF,ESF - EQUIPE DE SAUDE DA FAMILIA,0000152498,0156,0156,EACS AFOGADOS I,
,70,ESF,ESF - EQUIPE DE SAUDE DA FAMILIA,0000152471,0533,0533,EACS AFOGADOS II,
,70,ESF,ESF - EQUIPE DE SAUDE DA FAMILIA,0000152463,0501,0501,EACS MUSTARDINHA II,
,70,ESF,ESF - EQUIPE DE SAUDE DA FAMILIA,0002437767,0000,0000,ESF 3 BORBOREMA,
,70,ESF,ESF - EQUIPE DE SAUDE DA FAMILIA,0000152633,0188,0188,BORBOREMA,
,71,ESB,ESB - EQUIPE DE SAUDE BUCAL,0001791427,0001,0001,SBM1 BORBOREMA,
,70,ESF,ESF - EQUIPE DE SAUDE DA FAMILIA,0002437759,0000,0000,ESF 2 BORBOREMA,
,70,ESF,ESF - EQUIPE DE SAUDE DA FAMILIA,0001497154,0538,0538,COQUEIRAL,
,70,ESF,ESF - EQUIPE DE SAUDE DA FAMILIA,0000152706,0164,0164,TEJIPIO,
,70,ESF,ESF - EQUIPE DE SAUDE DA FAMILIA,0000152692,0502,0502,TOTO,
,70,ESF,ESF - EQUIPE DE SAUDE DA FAMILIA,0000152684,0500,0500,SANCHO,
,70,ESF,ESF - EQUIPE DE SAUDE DA FAMILIA,0000154563,0106,0106,PILAR,
,71,ESB,ESB - EQUIPE DE SAUDE BUCAL,0002110156,0001,0001,SBM1 PILAR,
,73,ECR,ECR - EQUIPE DOS CONSULTORIOS NA RUA,0001560204,0116,0116,CONSULTORIO NA RUA DS I,
,72,EMULTI,EMULTI - EQUIPE MULTIPROFISSIONAL NA AT. PRIMARIA A SAUDE,0000152781,0001,0001,NASF EQUIPE I - D.S. I,
,71,ESB,ESB - EQUIPE DE SAUDE BUCAL,0001887254,0002,0002,SBM2 ALTO DO PASCOAL II,
,71,ESB,ESB - EQUIPE DE SAUDE BUCAL,0002269228,0003,0003,SBM1 ALTO DO PASCOAL IV,
,70,ESF,ESF - EQUIPE DE SAUDE DA FAMILIA,0002400359,0000,0000,ALTO PASCOAL V,
,70,ESF,ESF - EQUIPE DE SAUDE DA FAMILIA,0000154539,0267,0267,ALTO DO PASCOAL IV,
,70,ESF,ESF - EQUIPE DE SAUDE DA FAMILIA,0000154547,0266,0266,ALTO DO PASCOAL II,
,71,ESB,ESB - EQUIPE DE SAUDE BUCAL,0002269171,0004,0004,SBM1 ALTO DO PASCOAL III,
,70,ESF,ESF - EQUIPE DE SAUDE DA FAMILIA,0000154555,0268,0268,ALTO DO PASCOAL III,
,71,ESB,ESB - EQUIPE DE SAUDE BUCAL,0001801155,0001,0001,SBM1 ALTO DO PASCOAL I,
,70,ESF,ESF - EQUIPE DE SAUDE DA FAMILIA,0000154520,0265,0265,ALTO DO PASCOAL I,
,70,ESF,ESF - EQUIPE DE SAUDE DA FAMILIA,0000153257,0535,0535,GASPAR REG COSTA AREIAS CAPUA,
,76,EAP,EAP - EQUIPE DE ATENCAO PRIMARIA,0002333996,0543,0543,GASPAR REG COSTA BARROS II,
,70,ESF,ESF - EQUIPE DE SAUDE DA FAMILIA,0000153249,0536,0536,GASPAR REGUEIRA COSTA CACOTE,
,71,ESB,ESB - EQUIPE DE SAUDE BUCAL,0002426269,0000,0000,SBM1 BARRO 2,
,71,ESB,ESB - EQUIPE DE SAUDE BUCAL,0002426277,0000,0000,SBM1 BARRO 1,
,70,ESF,ESF - EQUIPE DE SAUDE DA FAMILIA,0000153230,0170,0170,GASPAR REGUEIRA COSTA BARRO I,
,71,ESB,ESB - EQUIPE DE SAUDE BUCAL,0002269015,0001,0001,SBM1 US 171 USF JOAQUIM COSTA,
,70,ESF,ESF - EQUIPE DE SAUDE DA FAMILIA,0002172313,0346,0346,ALTO DO MANDU 2,
,70,ESF,ESF - EQUIPE DE SAUDE DA FAMILIA,0002400154,0000,0000,ALTO DO MANDU 3,
,70,ESF,ESF - EQUIPE DE SAUDE DA FAMILIA,0002172305,0345,0345,ALTO DO MANDU 1,
,70,ESF,ESF - EQUIPE DE SAUDE DA FAMILIA,0000152757,0040,0040,CHAO DE ESTRELA III,
,70,ESF,ESF - EQUIPE DE SAUDE DA FAMILIA,0000153648,0023,0023,CHAO DE ESTRELA II,
,72,EMULTI,EMULTI - EQUIPE MULTIPROFISSIONAL NA AT. PRIMARIA A SAUDE,0000153680,0001,0001,NASF DS II - EQUIPE 1,
,70,ESF,ESF - EQUIPE DE SAUDE DA FAMILIA,0000153621,0252,0252,CHAO DE ESTRELA I,
,70,ESF,ESF - EQUIPE DE SAUDE DA FAMILIA,0002400421,0000,0000,CHAO DE ESTRELAS IV,
,71,ESB,ESB - EQUIPE DE SAUDE BUCAL,0001727958,0001,0001,SBM1 CHAO DE ESTRELA I,
,71,ESB,ESB - EQUIPE DE SAUDE BUCAL,0001773585,0002,0002,SBM2 CHAO DE ESTRELA III,
,70,ESF,ESF - EQUIPE DE SAUDE DA FAMILIA,0002417367,0000,0000,CHAO DE ESTRELAS VI,
,70,ESF,ESF - EQUIPE DE SAUDE DA FAMILIA,0002417103,0000,0000,CHAO DE ESTRELAS V,
,71,ESB,ESB - EQUIPE DE SAUDE BUCAL,0001799231,0003,0003,SBM1 CHAO DE ESTRELA II,
,72,EMULTI,EMULTI - EQUIPE MULTIPROFISSIONAL NA AT. PRIMARIA A SAUDE,0001469215,0001,0001,NASF DS IV - EQUIPE 2,
,71,ESB,ESB - EQUIPE DE SAUDE BUCAL,0001825186,0001,0001,SBM1 VIETNAM - 1,
,70,ESF,ESF - EQUIPE DE SAUDE DA FAMILIA,0000153842,0407,0407,VIETNAM - 1,
,70,ESF,ESF - EQUIPE DE SAUDE DA FAMILIA,0000153834,0152,0152,VIETNAM - 2,
,70,ESF,ESF - EQUIPE DE SAUDE DA FAMILIA,0000154083,0613,0613,LAGOA ENCANTADA EQ. 3,
,70,ESF,ESF - EQUIPE DE SAUDE DA FAMILIA,0000154075,0211,0211,ALTO ASA BRANCA - LAGOA ENC. I,
,71,ESB,ESB - EQUIPE DE SAUDE BUCAL,0002436876,0000,0000,SBM1 LAGOA ENCANTADA III,
,70,ESF,ESF - EQUIPE DE SAUDE DA FAMILIA,0000154091,0212,0212,LAGOA ENCANTADA II,
,71,ESB,ESB - EQUIPE DE SAUDE BUCAL,0001857541,0001,0001,SBM2 ALTO ASA BRANCA,
,71,ESB,ESB - EQUIPE DE SAUDE BUCAL,0002302357,0002,0002,SBM1 LAGOA ENCANTADA II,
,70,ESF,ESF - EQUIPE DE SAUDE DA FAMILIA,0000154199,0034,0034,PASSARINHO BAIXO,
,70,ESF,ESF - EQUIPE DE SAUDE DA FAMILIA,0002401347,0000,0000,COELHOS II - EQUIPE II,
,70,ESF,ESF - EQUIPE DE SAUDE DA FAMILIA,0000153575,0230,0230,COELHOS II-CAIS JOSE MARIANO,
,71,ESB,ESB - EQUIPE DE SAUDE BUCAL,0001795481,0002,0002,SBM1 COELHOS II-CAIS JOSE,
,70,ESF,ESF - EQUIPE DE SAUDE DA FAMILIA,0002427788,0000,0000,ENCANTA MOCA 1,
,73,ECR,ECR - EQUIPE DOS CONSULTORIOS NA RUA,0001558382,0673,0673,CONSULTORIO NA RUA DS VI,
,70,ESF,ESF - EQUIPE DE SAUDE DA FAMILIA,0002427834,0000,0000,ENCANTA MOCA 4,
,71,ESB,ESB - EQUIPE DE SAUDE BUCAL,0002430312,0000,0000,SBM1 ENCANTA MOCA 1,
,71,ESB,ESB - EQUIPE DE SAUDE BUCAL,0002430320,0000,0000,SBM1 ENCANTA MOCA 3,
,71,ESB,ESB - EQUIPE DE SAUDE BUCAL,0002430339,0000,0000,SBM1 ENCANTA MOCA 4,
,70,ESF,ESF - EQUIPE DE SAUDE DA FAMILIA,0002427869,0000,0000,ENCANTA MOCA 6,
,70,ESF,ESF - EQUIPE DE SAUDE DA FAMILIA,0002427826,0000,0000,ENCANTA MOCA 3,
,71,ESB,ESB - EQUIPE DE SAUDE BUCAL,0002430347,0000,0000,SBM1 ENCANTA MOCA 5,
,70,ESF,ESF - EQUIPE DE SAUDE DA FAMILIA,0002427818,0000,0000,ENCANTA MOCA 2,
,70,ESF,ESF - EQUIPE DE SAUDE DA FAMILIA,0002427850,0000,0000,ENCANTA MOCA 5,
,71,ESB,ESB - EQUIPE DE SAUDE BUCAL,0001817469,0001,0001,SBM1 EQP III VASCO DA GAMA,
,70,ESF,ESF - EQUIPE DE SAUDE DA FAMILIA,0002400820,0000,0000,EQUIPE 4,
,72,EMULTI,EMULTI - EQUIPE MULTIPROFISSIONAL NA AT. PRIMARIA A SAUDE,0000153052,0001,0001,NASF DS VII EQUIPE 3,
,71,ESB,ESB - EQUIPE DE SAUDE BUCAL,0001817671,0002,0002,SBM1 EQUIPE II MORRO DA CONCEI,
,70,ESF,ESF - EQUIPE DE SAUDE DA FAMILIA,0001509012,0340,0340,EQUIPE III - VASCO DA GAMA,
,70,ESF,ESF - EQUIPE DE SAUDE DA FAMILIA,0001509047,0341,0341,EQUIPE II - MORRO DA CONCEICAO,
,70,ESF,ESF - EQUIPE DE SAUDE DA FAMILIA,0001509101,0342,0342,EQUIPE I - ALTO JOSE DO PINHO,
,71,ESB,ESB - EQUIPE DE SAUDE BUCAL,0001824759,0003,0003,SBM1 EQP I ALTO JOSE DO PINHO,
,71,ESB,ESB - EQUIPE DE SAUDE BUCAL,0001773747,0001,0001,SBM2 ENTRA APULSO,
,72,EMULTI,EMULTI - EQUIPE MULTIPROFISSIONAL NA AT. PRIMARIA A SAUDE,0000154342,0001,0001,NASF DS VI - EQUIPE 2,
,70,ESF,ESF - EQUIPE DE SAUDE DA FAMILIA,0000155489,0615,0615,ENTRA APULSO EQUIPE - 2,
,70,ESF,ESF - EQUIPE DE SAUDE DA FAMILIA,0000155497,0209,0209,ENTRA APULSO EQUIPE I,
,70,ESF,ESF - EQUIPE DE SAUDE DA FAMILIA,0000155136,0643,0643,JORDAO BAIXO - 2,
,71,ESB,ESB - EQUIPE DE SAUDE BUCAL,0001847112,0002,0002,SBM1 JORDAO BAIXO - 2,
,71,ESB,ESB - EQUIPE DE SAUDE BUCAL,0001846957,0001,0001,SBM1 JORDAO BAIXO - 1,
,70,ESF,ESF - EQUIPE DE SAUDE DA FAMILIA,0000155101,0644,0644,JORDAO BAIXO - 3,
,70,ESF,ESF - EQUIPE DE SAUDE DA FAMILIA,0000155128,0642,0642,JORDAO BAIXO - 1,
,71,ESB,ESB - EQUIPE DE SAUDE BUCAL,0002400774,0000,0000,SBM1 JORDAO BAIXO - 3,
,70,ESF,ESF - EQUIPE DE SAUDE DA FAMILIA,0000155365,0077,0077,ALTO JOSE BONIFACIO I,
,71,ESB,ESB - EQUIPE DE SAUDE BUCAL,0001755501,0001,0001,SBM1 ALTO JOSE BONIFACIO II,
,71,ESB,ESB - EQUIPE DE SAUDE BUCAL,0001773631,0002,0002,SBM2 ALTO JOSE BONIFACIO III,
,70,ESF,ESF - EQUIPE DE SAUDE DA FAMILIA,0000155349,0102,0102,ALTO JOSE BONIFACIO II,
,70,ESF,ESF - EQUIPE DE SAUDE DA FAMILIA,0000155357,0100,0100,ALTO JOSE BONIFACIO III,
,70,ESF,ESF - EQUIPE DE SAUDE DA FAMILIA,0000155578,0618,0618,UR - 03 EQUIPE II,
,71,ESB,ESB - EQUIPE DE SAUDE BUCAL,0002400758,0000,0000,SBM1 UR-03 EQUIPE 2,
,70,ESF,ESF - EQUIPE DE SAUDE DA FAMILIA,0000155586,0662,0662,UR-03,
,71,ESB,ESB - EQUIPE DE SAUDE BUCAL,0001856294,0001,0001,SBM1 UR-03,
,70,ESF,ESF - EQUIPE DE SAUDE DA FAMILIA,0000155306,0219,0219,PONTO DA PARADA II,
,70,ESF,ESF - EQUIPE DE SAUDE DA FAMILIA,0002400472,0000,0000,PONTO DE PARADA III,
,71,ESB,ESB - EQUIPE DE SAUDE BUCAL,0001794531,0001,0001,SBM1 PONTO DA PARADA I,
,70,ESF,ESF - EQUIPE DE SAUDE DA FAMILIA,0002400480,0000,0000,PONTO DE PARADA IV,
,70,ESF,ESF - EQUIPE DE SAUDE DA FAMILIA,0000155292,0216,0216,PONTO DA PARADA I,
,71,ESB,ESB - EQUIPE DE SAUDE BUCAL,0001799177,0002,0002,SBM1 CHIE II,
,70,ESF,ESF - EQUIPE DE SAUDE DA FAMILIA,0000154407,0251,0251,CHIE II,
,71,ESB,ESB - EQUIPE DE SAUDE BUCAL,0001727796,0001,0001,SBM1 CHIE I,
,70,ESF,ESF - EQUIPE DE SAUDE DA FAMILIA,0002400499,0000,0000,CHIE III,
,70,ESF,ESF - EQUIPE DE SAUDE DA FAMILIA,0000153656,0022,0022,CHIE I,
,71,ESB,ESB - EQUIPE DE SAUDE BUCAL,0001726811,0001,0001,SBM1 STO AMARO I-SITIO DO CEU,
,70,ESF,ESF - EQUIPE DE SAUDE DA FAMILIA,0002401312,0000,0000,SANTO AMARO III EQUIPE II,
,70,ESF,ESF - EQUIPE DE SAUDE DA FAMILIA,0000153591,0007,0007,STO AMARO I-SITIO DO CEU EQ.I,
,70,ESF,ESF - EQUIPE DE SAUDE DA FAMILIA,0000152951,0619,0619,PACS UR-01 II / DOIS RIOS,
,70,ESF,ESF - EQUIPE DE SAUDE DA FAMILIA,0000152943,0192,0192,PACS UR-01 I,
,70,ESF,ESF - EQUIPE DE SAUDE DA FAMILIA,0000154636,0630,0630,UR 1 - VILA,
,70,ESF,ESF - EQUIPE DE SAUDE DA FAMILIA,0000153036,0177,0177,JARDIM UCHOA II,
,70,ESF,ESF - EQUIPE DE SAUDE DA FAMILIA,0000153028,0178,0178,JARDIM UCHOA I,
,70,ESF,ESF - EQUIPE DE SAUDE DA FAMILIA,0002422395,0000,0000,JARDIM UCHOA III,
,71,ESB,ESB - EQUIPE DE SAUDE BUCAL,0002113678,0001,0001,SBM1 JARDIM UCHOA,
,70,ESF,ESF - EQUIPE DE SAUDE DA FAMILIA,0000154822,0337,0337,ALTO JOSE DO PINHO II,
,71,ESB,ESB - EQUIPE DE SAUDE BUCAL,0001816535,0001,0001,SBM1 ALTO JOSE DO PINHO II,
,70,ESF,ESF - EQUIPE DE SAUDE DA FAMILIA,0000154806,0338,0338,ALTO JOSE DO PINHO III,
,70,ESF,ESF - EQUIPE DE SAUDE DA FAMILIA,0000154814,0103,0103,ALTO JOSE DO PINHO I,
,70,ESF,ESF - EQUIPE DE SAUDE DA FAMILIA,0000154660,0313,0313,BOA VISTA II,
,71,ESB,ESB - EQUIPE DE SAUDE BUCAL,0001799355,0001,0001,SBM1 BOA VISTA I,
,70,ESF,ESF - EQUIPE DE SAUDE DA FAMILIA,0000154679,0253,0253,BOA VISTA I,
,70,ESF,ESF - EQUIPE DE SAUDE DA FAMILIA,0002400898,0000,0000,EQUIPE 3,
,71,ESB,ESB - EQUIPE DE SAUDE BUCAL,0001773658,0002,0002,SBM2 SAO JOSE DO COQUE II,
,70,ESF,ESF - EQUIPE DE SAUDE DA FAMILIA,0000154733,0148,0148,SAO JOSE DO COQUE II,
,71,ESB,ESB - EQUIPE DE SAUDE BUCAL,0001760564,0001,0001,SBM1 SAO JOSE DO COQUE I,
,70,ESF,ESF - EQUIPE DE SAUDE DA FAMILIA,0002414090,0000,0000,SAO JOSE DO COQUE III,
,70,ESF,ESF - EQUIPE DE SAUDE DA FAMILIA,0002414139,0000,0000,SAO JOSE DO COQUE IV,
,70,ESF,ESF - EQUIPE DE SAUDE DA FAMILIA,0000154768,0147,0147,SAO JOSE DO COQUE I,
,71,ESB,ESB - EQUIPE DE SAUDE BUCAL,0001791486,0001,0001,SBM1 UR 02 EQUIPE I,
,70,ESF,ESF - EQUIPE DE SAUDE DA FAMILIA,0000154334,0195,0195,UR 02 EQUIPE I,
,70,ESF,ESF - EQUIPE DE SAUDE DA FAMILIA,0000154326,0614,0614,UR 2 EQUIPE - 2,
,70,ESF,ESF - EQUIPE DE SAUDE DA FAMILIA,0000153516,0004,0004,PACS JOAO DE BARROS EQ2,
,70,ESF,ESF - EQUIPE DE SAUDE DA FAMILIA,0000154857,0601,0601,27 DE NOVEMBRO III,
,70,ESF,ESF - EQUIPE DE SAUDE DA FAMILIA,0000154873,0633,0633,27 DE NOVEMBRO I,
,70,ESF,ESF - EQUIPE DE SAUDE DA FAMILIA,0000154881,0636,0636,27 DE NOVEMBRO II,
,72,EMULTI,EMULTI - EQUIPE MULTIPROFISSIONAL NA AT. PRIMARIA A SAUDE,0000155551,0001,0001,NASF DS VIII - EQUIPE 5,
,71,ESB,ESB - EQUIPE DE SAUDE BUCAL,0001839586,0001,0001,SBM1 27 DE NOVEMBRO III,
,71,ESB,ESB - EQUIPE DE SAUDE BUCAL,0001889338,0002,0002,SBM2 27 DE NOVEMBRO I,
,71,ESB,ESB - EQUIPE DE SAUDE BUCAL,0002425831,0000,0000,SBM1 27 DE NOVEMBRO II,
,71,ESB,ESB - EQUIPE DE SAUDE BUCAL,0002425858,0000,0000,SBM1 27 DE NOVEMBRO IV,
,70,ESF,ESF - EQUIPE DE SAUDE DA FAMILIA,0002399237,0000,0000,27 DE NOVEMBRO V,
,70,ESF,ESF - EQUIPE DE SAUDE DA FAMILIA,0000154865,0609,0609,27 DE NOVEMBRO IV,
,71,ESB,ESB - EQUIPE DE SAUDE BUCAL,0002400677,0000,0000,SBM1 27 DE NOVEMBRO V,
,70,ESF,ESF - EQUIPE DE SAUDE DA FAMILIA,0002402440,0000,0000,EQUIPE 3,
,71,ESB,ESB - EQUIPE DE SAUDE BUCAL,0002039087,0002,0002,SBM2 RODA DE FOGO / COSIROF II,
,70,ESF,ESF - EQUIPE DE SAUDE DA FAMILIA,0000153850,0411,0411,RODA DE FOGO / COSIROF II,
,70,ESF,ESF - EQUIPE DE SAUDE DA FAMILIA,0002402424,0000,0000,EQUIPE 4,
,71,ESB,ESB - EQUIPE DE SAUDE BUCAL,0001825259,0001,0001,SBM1 RODA DE FOGO COSIROF I,
,70,ESF,ESF - EQUIPE DE SAUDE DA FAMILIA,0000153869,0409,0409,RODA DE FOGO / COSIROF I,
,76,EAP,EAP - EQUIPE DE ATENCAO PRIMARIA,0002334291,0443,0443,EAP JOSE DUSTAN,
,70,ESF,ESF - EQUIPE DE SAUDE DA FAMILIA,0002402343,0000,0000,EQUIPE 2,
,70,ESF,ESF - EQUIPE DE SAUDE DA FAMILIA,0000153354,0115,0115,INC PACS DS4-EQUIPE1-IPUTINGA2,
,70,ESF,ESF - EQUIPE DE SAUDE DA FAMILIA,0001471090,0404,0404,PACS JOSE DUSTAN EQUIPE I,
,70,ESF,ESF - EQUIPE DE SAUDE DA FAMILIA,0002402327,0000,0000,EQUIPE 1,
,70,ESF,ESF - EQUIPE DE SAUDE DA FAMILIA,0002402378,0000,0000,EQUIPE 3,
,70,ESF,ESF - EQUIPE DE SAUDE DA FAMILIA,0002400375,0000,0000,ILHA DE JOANEIRO III,
,70,ESF,ESF - EQUIPE DE SAUDE DA FAMILIA,0000153478,0297,0297,ILHA DE JOANEIRO EQUIPE II,
,70,ESF,ESF - EQUIPE DE SAUDE DA FAMILIA,0000153486,0036,0036,ILHA DE JOANEIRO EQUIPE I,
,71,ESB,ESB - EQUIPE DE SAUDE BUCAL,0001801279,0001,0001,SBM1 ILHA DE JOANEIRO,
,70,ESF,ESF - EQUIPE DE SAUDE DA FAMILIA,0000153222,0159,0159,EACS INFERNINHO - JSP,
,70,ESF,ESF - EQUIPE DE SAUDE DA FAMILIA,0000153966,0504,0504,IRAQUE 2 RUA DO RIO,
,70,ESF,ESF - EQUIPE DE SAUDE DA FAMILIA,0002399857,0000,0000,IRAQUE III VILA CARDEAL,
,71,ESB,ESB - EQUIPE DE SAUDE BUCAL,0002399865,0000,0000,SBM2 IRAQUE III VILA CARDEAL,
,71,ESB,ESB - EQUIPE DE SAUDE BUCAL,0002425769,0000,0000,SBM1 IRAQUE II RAQUE,
,71,ESB,ESB - EQUIPE DE SAUDE BUCAL,0002426250,0000,0000,SBM1 IRAQUE IV,
,71,ESB,ESB - EQUIPE DE SAUDE BUCAL,0001773682,0001,0001,SBM2 IRAQUE I RAQUE,
,70,ESF,ESF - EQUIPE DE SAUDE DA FAMILIA,0000153974,0166,0166,IRAQUE I IRAQUE,
,70,ESF,ESF - EQUIPE DE SAUDE DA FAMILIA,0000153990,0508,0508,COQUEIRAL I,
,71,ESB,ESB - EQUIPE DE SAUDE BUCAL,0001833251,0001,0001,SBM1 COQUEIRAL II,
,70,ESF,ESF - EQUIPE DE SAUDE DA FAMILIA,0000153982,0507,0507,COQUEIRAL II,
,70,ESF,ESF - EQUIPE DE SAUDE DA FAMILIA,0002400839,0000,0000,EQUIPE 3,
,70,ESF,ESF - EQUIPE DE SAUDE DA FAMILIA,0000156000,0306,0306,CORREGO DO EUCALIPTO I,
,70,ESF,ESF - EQUIPE DE SAUDE DA FAMILIA,0000156019,0309,0309,CORREGO DO EUCALIPTO II,
,71,ESB,ESB - EQUIPE DE SAUDE BUCAL,0001801597,0001,0001,SBM1 CORREGO DO EUCALIPTO I,
,71,ESB,ESB - EQUIPE DE SAUDE BUCAL,0001833219,0001,0001,SBM1 SITIO WANDERLEY III,
,72,EMULTI,EMULTI - EQUIPE MULTIPROFISSIONAL NA AT. PRIMARIA A SAUDE,0000155756,0001,0001,NASF DS IV - EQUIPE 3,
,71,ESB,ESB - EQUIPE DE SAUDE BUCAL,0001888838,0002,0002,SBM2 SITIO WANDERLEY I,
,70,ESF,ESF - EQUIPE DE SAUDE DA FAMILIA,0000155764,0437,0437,SITIO WANDERLEY I,
,70,ESF,ESF - EQUIPE DE SAUDE DA FAMILIA,0000155772,0438,0438,SITIO WANDERLEY II,
,70,ESF,ESF - EQUIPE DE SAUDE DA FAMILIA,0000155780,0439,0439,SITIO WANDERLEY III,
,70,ESF,ESF - EQUIPE DE SAUDE DA FAMILIA,0002402513,0000,0000,EQUIPE 4,
,70,ESF,ESF - EQUIPE DE SAUDE DA FAMILIA,0000155853,0603,0603,PANTANAL II,
,71,ESB,ESB - EQUIPE DE SAUDE BUCAL,0001846132,0001,0001,SBM1 PANTANAL I,
,71,ESB,ESB - EQUIPE DE SAUDE BUCAL,0002272199,0002,0002,SBM2 PANTANAL 2,
,70,ESF,ESF - EQUIPE DE SAUDE DA FAMILIA,0000155845,0635,0635,PANTANAL I,
,70,ESF,ESF - EQUIPE DE SAUDE DA FAMILIA,0001562827,0541,0541,NOVO JIQUIA,
,71,ESB,ESB - EQUIPE DE SAUDE BUCAL,0001833642,0001,0001,SBM1 NOVO JIQUIA I,
,70,ESF,ESF - EQUIPE DE SAUDE DA FAMILIA,0000155527,0622,0622,BRASILIA TEIMOSA/VAN LEE - 4,
,70,ESF,ESF - EQUIPE DE SAUDE DA FAMILIA,0000155500,0657,0657,BRASILIA TEIMOSA/VAN LEE - 1,
,70,ESF,ESF - EQUIPE DE SAUDE DA FAMILIA,0000155519,0658,0658,BRASILIA TEIMOSA/VAN LEE - 2,
,71,ESB,ESB - EQUIPE DE SAUDE BUCAL,0001856375,0002,0002,SBM1 BRASILIA TEIMOSA VANLEE3,
,70,ESF,ESF - EQUIPE DE SAUDE DA FAMILIA,0000155543,0665,0665,BRASILIA TEIMOSA/VAN LEE - 3,
,71,ESB,ESB - EQUIPE DE SAUDE BUCAL,0001856065,0001,0001,SBM1 BRASILIA TEIMOSA VANLEE I,
,72,EMULTI,EMULTI - EQUIPE MULTIPROFISSIONAL NA AT. PRIMARIA A SAUDE,0000155535,0001,0001,NASF DS VI - EQUIPE 1,
,70,ESF,ESF - EQUIPE DE SAUDE DA FAMILIA,0000155683,0434,0434,JD. TERESOPOLIS DE CIMA,
,70,ESF,ESF - EQUIPE DE SAUDE DA FAMILIA,0000155705,0435,0435,UR 7 VARZEA / BREGA E CHIQUE,
,71,ESB,ESB - EQUIPE DE SAUDE BUCAL,0002291665,0002,0002,SBM1 AMAURY DE MEDEIROS II,
,70,ESF,ESF - EQUIPE DE SAUDE DA FAMILIA,0002402564,0000,0000,EQUIPE 4,
,70,ESF,ESF - EQUIPE DE SAUDE DA FAMILIA,0000155691,0436,0436,JD. TERESOPOLIS DE BAIXO,
,71,ESB,ESB - EQUIPE DE SAUDE BUCAL,0001888757,0001,0001,SBM2 JD. TERESOPOLIS DE CIMA,
,71,ESB,ESB - EQUIPE DE SAUDE BUCAL,0002284022,0001,0001,SBM1 CABANGA I,
,70,ESF,ESF - EQUIPE DE SAUDE DA FAMILIA,0002401274,0000,0000,CABANGA II,
,70,ESF,ESF - EQUIPE DE SAUDE DA FAMILIA,0000155713,0157,0157,PSF CABANGA,
,70,ESF,ESF - EQUIPE DE SAUDE DA FAMILIA,0000155438,0290,0290,CLUBE DOS DELEGADOS II,
,71,ESB,ESB - EQUIPE DE SAUDE BUCAL,0001801252,0001,0001,SBM1 CLUBE DOS DELEGADOS I,
,70,ESF,ESF - EQUIPE DE SAUDE DA FAMILIA,0002417286,0000,0000,CLUBE DOS DELEGADOS IV,
,70,ESF,ESF - EQUIPE DE SAUDE DA FAMILIA,0000155446,0291,0291,CLUBE DOS DELEGADOS I,
,70,ESF,ESF - EQUIPE DE SAUDE DA FAMILIA,0002425165,0000,0000,MACAXEIRA V,
,70,ESF,ESF - EQUIPE DE SAUDE DA FAMILIA,0000155276,0057,0057,MACAXEIRA I CAMPO DO UNIAO,
,71,ESB,ESB - EQUIPE DE SAUDE BUCAL,0001737562,0001,0001,SBM1 MACAXEIRA - BURITY,
,71,ESB,ESB - EQUIPE DE SAUDE BUCAL,0001737821,0002,0002,SBM1 MACAXEIRA I CAMPO DO UNIA,
,70,ESF,ESF - EQUIPE DE SAUDE DA FAMILIA,0002400863,0000,0000,MACAXEIRA IV,
,72,EMULTI,EMULTI - EQUIPE MULTIPROFISSIONAL NA AT. PRIMARIA A SAUDE,0000155268,0001,0001,NASF DS VII EQUIPE 4,
,70,ESF,ESF - EQUIPE DE SAUDE DA FAMILIA,0000155284,0319,0319,MACAXEIRA III BOLO DE NOIVA,
,70,ESF,ESF - EQUIPE DE SAUDE DA FAMILIA,0000155241,0052,0052,MACAXEIRA - BURITY,
,70,ESF,ESF - EQUIPE DE SAUDE DA FAMILIA,0000155640,0663,0663,AGUA VIVA,
,72,EMULTI,EMULTI - EQUIPE MULTIPROFISSIONAL NA AT. PRIMARIA A SAUDE,0001513702,0001,0001,NASF DS VIII - EQUIPE 3,
,71,ESB,ESB - EQUIPE DE SAUDE BUCAL,0001856227,0002,0002,SBM1 RIO PAJEU- 3,
,71,ESB,ESB - EQUIPE DE SAUDE BUCAL,0002400723,0000,0000,SBM1 RIO PAJEU - 4,
,71,ESB,ESB - EQUIPE DE SAUDE BUCAL,0001856154,0001,0001,SBM1 RIO PAJEU - 1,
,71,ESB,ESB - EQUIPE DE SAUDE BUCAL,0002272180,0003,0003,SBM1 RIO PAJEU - 2,
,70,ESF,ESF - EQUIPE DE SAUDE DA FAMILIA,0000155675,0659,0659,RIO PAJEU - 1,
,70,ESF,ESF - EQUIPE DE SAUDE DA FAMILIA,0002399652,0000,0000,RIO DO PAJEU - 4,
,70,ESF,ESF - EQUIPE DE SAUDE DA FAMILIA,0000155659,0660,0660,RIO PAJEU - 2,
,70,ESF,ESF - EQUIPE DE SAUDE DA FAMILIA,0000155667,0661,0661,RIO PAJEU - 3,
,71,ESB,ESB - EQUIPE DE SAUDE BUCAL,0001846671,0001,0001,SBM1 JORDAO ALTO - 1,
,70,ESF,ESF - EQUIPE DE SAUDE DA FAMILIA,0000155063,0641,0641,JORDAO ALTO - 3,
,70,ESF,ESF - EQUIPE DE SAUDE DA FAMILIA,0000155071,0640,0640,JORDAO ALTO - 2,
,71,ESB,ESB - EQUIPE DE SAUDE BUCAL,0001846817,0002,0002,SBM1 JORDAO ALTO - 2,
,70,ESF,ESF - EQUIPE DE SAUDE DA FAMILIA,0000155098,0639,0639,JORDAO ALTO - 1,
,71,ESB,ESB - EQUIPE DE SAUDE BUCAL,0002302365,0001,0001,SBM1 RIO DA PRATA,
,70,ESF,ESF - EQUIPE DE SAUDE DA FAMILIA,0001690698,0700,0700,USF RIO DA PRATA,
,70,ESF,ESF - EQUIPE DE SAUDE DA FAMILIA,0000152668,0537,0537,EACS ESTANCIA,
,70,ESF,ESF - EQUIPE DE SAUDE DA FAMILIA,0000153087,0314,0314,PACS - INA ROSA 1.2,
,70,ESF,ESF - EQUIPE DE SAUDE DA FAMILIA,0000153125,0070,0070,PACS - INA ROSA 4.3,
,70,ESF,ESF - EQUIPE DE SAUDE DA FAMILIA,0000153117,0321,0321,PACS - INA ROSA 4.1,
,70,ESF,ESF - EQUIPE DE SAUDE DA FAMILIA,0000153109,0316,0316,PACS - INA ROSA 4.2,
,70,ESF,ESF - EQUIPE DE SAUDE DA FAMILIA,0000153079,0082,0082,PACS - INA ROSA 1.1,
,70,ESF,ESF - EQUIPE DE SAUDE DA FAMILIA,0000152536,0129,0129,PACS DS4 EQUIPE4 VARZEA I,
,70,ESF,ESF - EQUIPE DE SAUDE DA FAMILIA,0001471384,0403,0403,INC PACS VARZEA II,
EMAP,23,EMAP,EMAP - EQUIPE MULTIDISCIPLINAR DE APOIO,0002308622,0158,0158,EMAP,
EMAD,46,EMAD T2,EMAD T2 - EQUIPE MULTIDISCIPLINAR DE AT. DOMICILIAR TIPO II,0002308630,0155,0155,EMAD 2 - II,
,70,ESF,ESF - EQUIPE DE SAUDE DA FAMILIA,0000152579,0220,0220,FUNDAO,
,70,ESF,ESF - EQUIPE DE SAUDE DA FAMILIA,0000152722,0021,0021,PACS CAJUEIRO,
,70,ESF,ESF - EQUIPE DE SAUDE DA FAMILIA,0000153133,0048,0048,ALTO DO RESERVATORIO,
,70,ESF,ESF - EQUIPE DE SAUDE DA FAMILIA,0002400847,0000,0000,EQUIPE 3,
,71,ESB,ESB - EQUIPE DE SAUDE BUCAL,0001736493,0001,0001,SBM1 ALTO DA BRASILEIRA,
,71,ESB,ESB - EQUIPE DE SAUDE BUCAL,0001737244,0002,0002,SBM1 ALTO DO RESERVATORIO,
,70,ESF,ESF - EQUIPE DE SAUDE DA FAMILIA,0000153141,0046,0046,ALTO DA BRASILEIRA,
,70,ESF,ESF - EQUIPE DE SAUDE DA FAMILIA,0002401339,0000,0000,SITIO DO CEU II,
,70,ESF,ESF - EQUIPE DE SAUDE DA FAMILIA,0000153583,0227,0227,STO AMARO I-SITIO DO CEU EQ.II,
,70,ESF,ESF - EQUIPE DE SAUDE DA FAMILIA,0000153885,0410,0410,RODA DE FOGO / MACAE,
,70,ESF,ESF - EQUIPE DE SAUDE DA FAMILIA,0002402416,0000,0000,EQUIPE 2,
,70,ESF,ESF - EQUIPE DE SAUDE DA FAMILIA,0000153451,0098,0098,APIPUCOS,
,71,ESB,ESB - EQUIPE DE SAUDE BUCAL,0001755013,0001,0001,SBM1 APIPUCOS,
,70,ESF,ESF - EQUIPE DE SAUDE DA FAMILIA,0002414805,0000,0000,APIPUCOS 2,
,70,ESF,ESF - EQUIPE DE SAUDE DA FAMILIA,0000156108,0607,0607,CIDADE OPERARIA EQUIPE II,
,71,ESB,ESB - EQUIPE DE SAUDE BUCAL,0001889249,0002,0002,SBM2 CIDADE OPERARIA I,
,70,ESF,ESF - EQUIPE DE SAUDE DA FAMILIA,0000156116,0606,0606,CIDADE OPERARIA - EQUIPE I,
,71,ESB,ESB - EQUIPE DE SAUDE BUCAL,0001841106,0001,0001,SBM1 CIDADE OPERARIA EQP III,
,70,ESF,ESF - EQUIPE DE SAUDE DA FAMILIA,0000156094,0608,0608,CIDADE OPERARIA EQUIPE III,
,71,ESB,ESB - EQUIPE DE SAUDE BUCAL,0001833537,0001,0001,SBM1 JARDIM SAO PAULO I,
,70,ESF,ESF - EQUIPE DE SAUDE DA FAMILIA,0002399725,0000,0000,JARDIM SAO PAULO VI,
,71,ESB,ESB - EQUIPE DE SAUDE BUCAL,0001889141,0002,0002,SBM2 JARDIM SAO PAULO II,
,70,ESF,ESF - EQUIPE DE SAUDE DA FAMILIA,0000155802,0530,0530,JARDIM SAO PAULO II,
,70,ESF,ESF - EQUIPE DE SAUDE DA FAMILIA,0000155810,0529,0529,JARDIM SAO PAULO I,
,70,ESF,ESF - EQUIPE DE SAUDE DA FAMILIA,0001676865,0552,0552,JARDIM SAO PAULO III,
,71,ESB,ESB - EQUIPE DE SAUDE BUCAL,0002113651,0003,0003,SBM1 JARDIM SAO PAULO III,
,73,ECR,ECR - EQUIPE DOS CONSULTORIOS NA RUA,0002259095,0525,0525,CONSULTORIO NA RUA DS V,
,70,ESF,ESF - EQUIPE DE SAUDE DA FAMILIA,0002399717,0000,0000,JARDIM SAO PAULO V,
,70,ESF,ESF - EQUIPE DE SAUDE DA FAMILIA,0002399709,0000,0000,JARDIM SAO PAULO IV,
,71,ESB,ESB - EQUIPE DE SAUDE BUCAL,0002399733,0000,0000,SBM1JARDIM SAO PAULO IV,
,71,ESB,ESB - EQUIPE DE SAUDE BUCAL,0002426226,0000,0000,SBM1 JARDIM SAO PAULO V,
,71,ESB,ESB - EQUIPE DE SAUDE BUCAL,0002438038,0000,0000,SBM1 JARDIM SAO PAULO VI,
,72,EMULTI,EMULTI - EQUIPE MULTIPROFISSIONAL NA AT. PRIMARIA A SAUDE,0000155799,0001,0001,NASF DS V - EQUIPE 3,
,70,ESF,ESF - EQUIPE DE SAUDE DA FAMILIA,0000155829,0270,0270,ALTO DO CAPITAO II,
,71,ESB,ESB - EQUIPE DE SAUDE BUCAL,0001727540,0001,0001,SBM1 ALTO DO CAPITAO I,
,70,ESF,ESF - EQUIPE DE SAUDE DA FAMILIA,0000155837,0013,0013,ALTO DO CAPITAO I,
,70,ESF,ESF - EQUIPE DE SAUDE DA FAMILIA,0000155993,0440,0440,CASARAO I,
,72,EMULTI,EMULTI - EQUIPE MULTIPROFISSIONAL NA AT. PRIMARIA A SAUDE,0000153362,0001,0001,NASF DS IV - EQUIPE 1,
,71,ESB,ESB - EQUIPE DE SAUDE BUCAL,0001833235,0001,0001,SBM1 CASARAO I,
,70,ESF,ESF - EQUIPE DE SAUDE DA FAMILIA,0002402289,0000,0000,EQUIPE 2,
,73,ECR,ECR - EQUIPE DOS CONSULTORIOS NA RUA,0002255774,0408,0408,CONSULTORIO NA RUA DS4,
,74,EAPP,EAPP - EQUIPE DE ATENCAO PRIMARIA PRISIONAL,0001549294,0002,0002,EAPP III - PJALLB 2,
,74,EAPP,EAPP - EQUIPE DE ATENCAO PRIMARIA PRISIONAL,0002214717,0003,0003,ECP - PJALLB 1,
,74,EAPP,EAPP - EQUIPE DE ATENCAO PRIMARIA PRISIONAL,0001549286,0000,0000,EAPP III - PJALLB,
,74,EAPP,EAPP - EQUIPE DE ATENCAO PRIMARIA PRISIONAL,0002214709,0004,0004,ECP - PJALLB 2,
,72,EMULTI,EMULTI - EQUIPE MULTIPROFISSIONAL NA AT. PRIMARIA A SAUDE,0000154997,0001,0001,NASF DS V - EQUIPE 1,
,71,ESB,ESB - EQUIPE DE SAUDE BUCAL,0001833596,0001,0001,SBM1 EQUIPE NOVO PRADO,
,70,ESF,ESF - EQUIPE DE SAUDE DA FAMILIA,0001501011,0539,0539,NOVO PRADO,
,70,ESF,ESF - EQUIPE DE SAUDE DA FAMILIA,0000155233,0201,0201,BYRON SARINHO II,
,71,ESB,ESB - EQUIPE DE SAUDE BUCAL,0001791583,0002,0002,SBM1 BYRON SARINHO I,
,71,ESB,ESB - EQUIPE DE SAUDE BUCAL,0001857460,0001,0001,SBM2 BYRON SARINHO II,
,70,ESF,ESF - EQUIPE DE SAUDE DA FAMILIA,0000155225,0263,0263,BYRON SARINHO I,
,70,ESF,ESF - EQUIPE DE SAUDE DA FAMILIA,0001465201,0206,0206,BYRON SARINHO III,
,71,ESB,ESB - EQUIPE DE SAUDE BUCAL,0001847325,0002,0002,SBM1 PINA - 1,
,70,ESF,ESF - EQUIPE DE SAUDE DA FAMILIA,0000155152,0649,0649,PINA - 3,
,70,ESF,ESF - EQUIPE DE SAUDE DA FAMILIA,0000155179,0650,0650,PINA - 4,
,70,ESF,ESF - EQUIPE DE SAUDE DA FAMILIA,0000155160,0648,0648,PINA - 2,
,70,ESF,ESF - EQUIPE DE SAUDE DA FAMILIA,0000155187,0647,0647,PINA - 1,
,71,ESB,ESB - EQUIPE DE SAUDE BUCAL,0001889389,0001,0001,SBM2 PINA - 4,
,71,ESB,ESB - EQUIPE DE SAUDE BUCAL,0001833464,0001,0001,SBM1 BONGI BOA IDEIA II,
,70,ESF,ESF - EQUIPE DE SAUDE DA FAMILIA,0000155039,0522,0522,BONGI/BOA IDEIA III,
,70,ESF,ESF - EQUIPE DE SAUDE DA FAMILIA,0000155055,0520,0520,BONGI/BOA IDEIA I,
,70,ESF,ESF - EQUIPE DE SAUDE DA FAMILIA,0000155047,0521,0521,BONGI/BOA IDEIA II,
,70,ESF,ESF - EQUIPE DE SAUDE DA FAMILIA,0000153060,0179,0179,PACS ALTO DA JAQUEIRA,
,71,ESB,ESB - EQUIPE DE SAUDE BUCAL,0001845624,0001,0001,SBM1 CAFESOPOLIS - IMBIRIBEIRA,
,70,ESF,ESF - EQUIPE DE SAUDE DA FAMILIA,0002400642,0000,0000,CAFESOPOLIS EQUIPE II,
,70,ESF,ESF - EQUIPE DE SAUDE DA FAMILIA,0000154350,0621,0621,CAFESOPOLIS - IMBIRIBEIRA,
,71,ESB,ESB - EQUIPE DE SAUDE BUCAL,0001845705,0002,0002,SBM1 BEIRA RIO EQUIPE - 2,
,70,ESF,ESF - EQUIPE DE SAUDE DA FAMILIA,0000154369,0626,0626,BEIRA RIO EQUIPE - 2,
,71,ESB,ESB - EQUIPE DE SAUDE BUCAL,0001791419,0001,0001,SBM1 BEIRA RIO (MATA SETE),
,70,ESF,ESF - EQUIPE DE SAUDE DA FAMILIA,0000154377,0185,0185,BEIRA RIO ( MATA SETE ) EQ. I,
,70,ESF,ESF - EQUIPE DE SAUDE DA FAMILIA,0000154571,0310,0310,PASSARINHO ALTO,
,71,ESB,ESB - EQUIPE DE SAUDE BUCAL,0001801961,0001,0001,SBM1 PASSARINHO ALTO,
,71,ESB,ESB - EQUIPE DE SAUDE BUCAL,0001833316,0001,0001,SBM1 VILA S.MIGUEL/MORRON,
,70,ESF,ESF - EQUIPE DE SAUDE DA FAMILIA,0000154687,0514,0514,VILA S.MIGUEL MARROM GLACE III,
,70,ESF,ESF - EQUIPE DE SAUDE DA FAMILIA,0000154709,0512,0512,VILA S.MIGUEL MARROM GLACE I,
,70,ESF,ESF - EQUIPE DE SAUDE DA FAMILIA,0000154695,0513,0513,VILA S.MIGUEL MARROM GLACE II,
,71,ESB,ESB - EQUIPE DE SAUDE BUCAL,0001833413,0002,0002,SBM1 VILA S.MIGUEL/MORRON III,
,71,ESB,ESB - EQUIPE DE SAUDE BUCAL,0002269198,0002,0002,SBM1 IRMA TEREZINHA II,
,70,ESF,ESF - EQUIPE DE SAUDE DA FAMILIA,0000154717,0039,0039,IRMA TEREZINHA EQUIPE I,
,71,ESB,ESB - EQUIPE DE SAUDE BUCAL,0001728342,0001,0001,SBM1 IRMA TEREZINHA I,
,70,ESF,ESF - EQUIPE DE SAUDE DA FAMILIA,0000154725,0299,0299,IRMA TEREZINHA II,
,70,ESF,ESF - EQUIPE DE SAUDE DA FAMILIA,0000153761,0307,0307,GUABIRABA I VAL PARAISO,
,70,ESF,ESF - EQUIPE DE SAUDE DA FAMILIA,0002400855,0000,0000,EQUIPE 3,
,70,ESF,ESF - EQUIPE DE SAUDE DA FAMILIA,0000153753,0049,0049,GUABIRABA II,
,71,ESB,ESB - EQUIPE DE SAUDE BUCAL,0001737465,0001,0001,SBM1 GUABIRABA II,
,70,ESF,ESF - EQUIPE DE SAUDE DA FAMILIA,0002402556,0000,0000,EQUIPE 3,
,71,ESB,ESB - EQUIPE DE SAUDE BUCAL,0001757709,0001,0001,SBM1 BRASILIT I,
,70,ESF,ESF - EQUIPE DE SAUDE DA FAMILIA,0000154164,0126,0126,BRASILIT I,
,70,ESF,ESF - EQUIPE DE SAUDE DA FAMILIA,0000154156,0421,0421,BRASILIT II,
,71,ESB,ESB - EQUIPE DE SAUDE BUCAL,0001758837,0001,0001,SBM1 BARREIRAS,
,70,ESF,ESF - EQUIPE DE SAUDE DA FAMILIA,0002402548,0000,0000,EQUIPE 2,
,70,ESF,ESF - EQUIPE DE SAUDE DA FAMILIA,0000153826,0143,0143,BARREIRAS,
,70,ESF,ESF - EQUIPE DE SAUDE DA FAMILIA,0000153397,0222,0222,TRES CARNEIROS - EQUIPE 3,
,71,ESB,ESB - EQUIPE DE SAUDE BUCAL,0002425785,0000,0000,SBM1 TRES CARNEIROS EQUIPE 4,
,71,ESB,ESB - EQUIPE DE SAUDE BUCAL,0001794744,0002,0002,SBM1 TRES CARNEIROS EQUIPE 3,
,70,ESF,ESF - EQUIPE DE SAUDE DA FAMILIA,0002399229,0000,0000,TRES CARNEIROS IV,
,70,ESF,ESF - EQUIPE DE SAUDE DA FAMILIA,0000153400,0109,0109,TRES CARNEIROS EQUIPE 1,
,70,ESF,ESF - EQUIPE DE SAUDE DA FAMILIA,0000153419,0221,0221,TRES CARNEIROS - EQUIPE 2,
,71,ESB,ESB - EQUIPE DE SAUDE BUCAL,0001757180,0001,0001,SBM1 TRES CARNEIROS,
,71,ESB,ESB - EQUIPE DE SAUDE BUCAL,0002417804,0000,0000,SBM1 TRES CARNEIROS EQUIPE 2,
,70,ESF,ESF - EQUIPE DE SAUDE DA FAMILIA,0002401282,0000,0000,COELHOS EQUIPE II,
,70,ESF,ESF - EQUIPE DE SAUDE DA FAMILIA,0000153567,5034,5034,COELHOS I,
,72,EMULTI,EMULTI - EQUIPE MULTIPROFISSIONAL NA AT. PRIMARIA A SAUDE,0000154741,0001,0001,NASF DS I - EQUIPE 2,
,71,ESB,ESB - EQUIPE DE SAUDE BUCAL,0001722034,0001,0001,SBM1 COELHOS I,
EMAD,46,EMAD T2,EMAD T2 - EQUIPE MULTIDISCIPLINAR DE AT. DOMICILIAR TIPO II,0002303973,0016,0016,EMAD II - 2,
EMAP,23,EMAP,EMAP - EQUIPE MULTIDISCIPLINAR DE APOIO,0002303981,0017,0017,EMAP,
EMAD,46,EMAD T2,EMAD T2 - EQUIPE MULTIDISCIPLINAR DE AT. DOMICILIAR TIPO II,0002303965,0014,0014,EMAD II - 1,
EMAP,23,EMAP,EMAP - EQUIPE MULTIDISCIPLINAR DE APOIO,0000152390,9999,9999,EMAP MARIA LUCINDA,
EMAD,22,EMAD T1,EMAD T1 - EQUIPE MULTIDISCIPLINAR DE AT. DOMICILIAR TIPO I,0000152811,9004,9004,EMAD FGH 2,
EMAD,22,EMAD T1,EMAD T1 - EQUIPE MULTIDISCIPLINAR DE AT. DOMICILIAR TIPO I,0001520644,9009,9009,EMAD FGH 3,
EMAD,22,EMAD T1,EMAD T1 - EQUIPE MULTIDISCIPLINAR DE AT. DOMICILIAR TIPO I,0000152323,9006,9006,EMAD SANTA CASA 1,
EMAD,22,EMAD T1,EMAD T1 - EQUIPE MULTIDISCIPLINAR DE AT. DOMICILIAR TIPO I,0000152315,9007,9007,EMAD SANTA CASA 2,
EMAD,22,EMAD T1,EMAD T1 - EQUIPE MULTIDISCIPLINAR DE AT. DOMICILIAR TIPO I,0000152358,9001,9001,EMAD MARIA LUCINDA 2,
EMAP,23,EMAP,EMAP - EQUIPE MULTIDISCIPLINAR DE APOIO,0000152331,9005,9005,EMAP SANTA CASA,
EMAD,22,EMAD T1,EMAD T1 - EQUIPE MULTIDISCIPLINAR DE AT. DOMICILIAR TIPO I,0000152838,9002,9002,EMAD FGH 1,
EMAD,22,EMAD T1,EMAD T1 - EQUIPE MULTIDISCIPLINAR DE AT. DOMICILIAR TIPO I,0000152366,9008,9008,EMAD MARIA LUCINDA 3,
EMAP,23,EMAP,EMAP - EQUIPE MULTIDISCIPLINAR DE APOIO,0000152803,9003,9003,EMAP FGH,
EMAD,22,EMAD T1,EMAD T1 - EQUIPE MULTIDISCIPLINAR DE AT. DOMICILIAR TIPO I,0001526812,9010,9010,EMAD SANTA CASA 3,
EMAD,22,EMAD T1,EMAD T1 - EQUIPE MULTIDISCIPLINAR DE AT. DOMICILIAR TIPO I,0000152374,9000,9000,EMAD MARIA LUCINDA 1,
,71,ESB,ESB - EQUIPE DE SAUDE BUCAL,0001824988,0001,0001,SBM1 JARDIM TERESOPOLIS,
,70,ESF,ESF - EQUIPE DE SAUDE DA FAMILIA,0000156124,0401,0401,JARDIM TERESOPOLIS,
,70,ESF,ESF - EQUIPE DE SAUDE DA FAMILIA,0001592343,0333,0333,EQUIPE I - BREJO DE BEBERIBE,
,71,ESB,ESB - EQUIPE DE SAUDE BUCAL,0001816128,0003,0003,SBM1 EQP 3 NOVA DESCOBERTA,
,70,ESF,ESF - EQUIPE DE SAUDE DA FAMILIA,0001591517,0332,0332,EQUIPE II - VASCO DA GAMA,
,71,ESB,ESB - EQUIPE DE SAUDE BUCAL,0001815725,0001,0001,SBM1 EQUIPE II - VASCO DA GAMA,
,70,ESF,ESF - EQUIPE DE SAUDE DA FAMILIA,0001593935,0334,0334,EQUIPE 3 - NOVA DESCOBERTA,
,71,ESB,ESB - EQUIPE DE SAUDE BUCAL,0001815873,0002,0002,SBM1 EQP I BREJO DE BEBERIBE,
,70,ESF,ESF - EQUIPE DE SAUDE DA FAMILIA,0002400790,0000,0000,EQUIPE 4,
,74,EAPP,EAPP - EQUIPE DE ATENCAO PRIMARIA PRISIONAL,0002214725,0002,0002,ECP - PAMFA,
,74,EAPP,EAPP - EQUIPE DE ATENCAO PRIMARIA PRISIONAL,0001549316,0001,0001,EAPP III - PAMFA,
,74,EAPP,EAPP - EQUIPE DE ATENCAO PRIMARIA PRISIONAL,0002214733,0002,0002,ECP - PFDB,
,74,EAPP,EAPP - EQUIPE DE ATENCAO PRIMARIA PRISIONAL,0001549308,0001,0001,EAPP III - PFDB,
,70,ESF,ESF - EQUIPE DE SAUDE DA FAMILIA,0000155144,0429,0429,COSME DAMIAO,
,70,ESF,ESF - EQUIPE DE SAUDE DA FAMILIA,0002402785,0000,0000,EQUIPE 2,
,71,ESB,ESB - EQUIPE DE SAUDE BUCAL,0001833138,0001,0001,SBM1 COSME DAMIAO,
